Using pre-set license
Built from '2022.3/staging' branch; Version is '2022.3.59f1 (630718f645a5) revision 6489880'; Using compiler version '192829333'; Build Type 'Release'
OS: 'Windows 11  (10.0.22621) 64bit Core' Language: 'en' Physical Memory: 16310 MB
BatchMode: 1, IsHumanControllingUs: 0, StartBugReporterOnCrash: 0, Is64bit: 1, IsPro: 1

COMMAND LINE ARGUMENTS:
C:\Program Files\Unity\Hub\Editor\2022.3.59f1\Editor\Unity.exe
-adb2
-batchMode
-noUpm
-name
AssetImportWorker4
-projectPath
C:/Users/kbsie/Documents/GitHub/FinalProjectRepo/FinalProject
-logFile
Logs/AssetImportWorker4.log
-srvPort
54096
Successfully changed project path to: C:/Users/kbsie/Documents/GitHub/FinalProjectRepo/FinalProject
C:/Users/kbsie/Documents/GitHub/FinalProjectRepo/FinalProject
[UnityMemory] Configuration Parameters - Can be set up in boot.config
    "memorysetup-bucket-allocator-granularity=16"
    "memorysetup-bucket-allocator-bucket-count=8"
    "memorysetup-bucket-allocator-block-size=33554432"
    "memorysetup-bucket-allocator-block-count=8"
    "memorysetup-main-allocator-block-size=16777216"
    "memorysetup-thread-allocator-block-size=16777216"
    "memorysetup-gfx-main-allocator-block-size=16777216"
    "memorysetup-gfx-thread-allocator-block-size=16777216"
    "memorysetup-cache-allocator-block-size=4194304"
    "memorysetup-typetree-allocator-block-size=2097152"
    "memorysetup-profiler-bucket-allocator-granularity=16"
    "memorysetup-profiler-bucket-allocator-bucket-count=8"
    "memorysetup-profiler-bucket-allocator-block-size=33554432"
    "memorysetup-profiler-bucket-allocator-block-count=8"
    "memorysetup-profiler-allocator-block-size=16777216"
    "memorysetup-profiler-editor-allocator-block-size=1048576"
    "memorysetup-temp-allocator-size-main=16777216"
    "memorysetup-job-temp-allocator-block-size=2097152"
    "memorysetup-job-temp-allocator-block-size-background=1048576"
    "memorysetup-job-temp-allocator-reduction-small-platforms=262144"
    "memorysetup-allocator-temp-initial-block-size-main=262144"
    "memorysetup-allocator-temp-initial-block-size-worker=262144"
    "memorysetup-temp-allocator-size-background-worker=32768"
    "memorysetup-temp-allocator-size-job-worker=262144"
    "memorysetup-temp-allocator-size-preload-manager=33554432"
    "memorysetup-temp-allocator-size-nav-mesh-worker=65536"
    "memorysetup-temp-allocator-size-audio-worker=65536"
    "memorysetup-temp-allocator-size-cloud-worker=32768"
    "memorysetup-temp-allocator-size-gi-baking-worker=262144"
    "memorysetup-temp-allocator-size-gfx=262144"
Player connection [21208]  Target information:

Player connection [21208]  * "[IP] 100.91.206.136 [Port] 0 [Flags] 2 [Guid] 2442838755 [EditorId] 2442838755 [Version] 1048832 [Id] WindowsEditor(7,DESKTOP-UUML79B) [Debug] 1 [PackageName] WindowsEditor [ProjectName] Editor" 

Player connection [21208] Host joined multi-casting on [225.0.0.222:54997]...
Player connection [21208] Host joined alternative multi-casting on [225.0.0.222:34997]...
Input System module state changed to: Initialized.
[PhysX] Initialized MultithreadedTaskDispatcher with 16 workers.
Refreshing native plugins compatible for Editor in 12.98 ms, found 3 plugins.
Preloading 0 native plugins for Editor in 0.00 ms.
Initialize engine version: 2022.3.59f1 (630718f645a5)
[Subsystems] Discovering subsystems at path C:/Program Files/Unity/Hub/Editor/2022.3.59f1/Editor/Data/Resources/UnitySubsystems
[Subsystems] Discovering subsystems at path C:/Users/kbsie/Documents/GitHub/FinalProjectRepo/FinalProject/Assets
GfxDevice: creating device client; threaded=0; jobified=0
Direct3D:
    Version:  Direct3D 11.0 [level 11.1]
    Renderer: NVIDIA GeForce RTX 3070 (ID=0x2484)
    Vendor:   NVIDIA
    VRAM:     8018 MB
    Driver:   32.0.15.7242
Initialize mono
Mono path[0] = 'C:/Program Files/Unity/Hub/Editor/2022.3.59f1/Editor/Data/Managed'
Mono path[1] = 'C:/Program Files/Unity/Hub/Editor/2022.3.59f1/Editor/Data/MonoBleedingEdge/lib/mono/unityjit-win32'
Mono config path = 'C:/Program Files/Unity/Hub/Editor/2022.3.59f1/Editor/Data/MonoBleedingEdge/etc'
Using monoOptions --debugger-agent=transport=dt_socket,embedding=1,server=y,suspend=n,address=127.0.0.1:56840
Begin MonoManager ReloadAssembly
Registering precompiled unity dll's ...
Register platform support module: C:/Program Files/Unity/Hub/Editor/2022.3.59f1/Editor/Data/PlaybackEngines/WindowsStandaloneSupport/UnityEditor.WindowsStandalone.Extensions.dll
Registered in 0.006093 seconds.
- Loaded All Assemblies, in  0.317 seconds
Native extension for WindowsStandalone target not found
Mono: successfully reloaded assembly
- Finished resetting the current domain, in  0.266 seconds
Domain Reload Profiling: 580ms
	BeginReloadAssembly (97ms)
		ExecutionOrderSort (0ms)
		DisableScriptedObjects (0ms)
		BackupInstance (0ms)
		ReleaseScriptingObjects (0ms)
		CreateAndSetChildDomain (1ms)
	RebuildCommonClasses (32ms)
	RebuildNativeTypeToScriptingClass (8ms)
	initialDomainReloadingComplete (49ms)
	LoadAllAssembliesAndSetupDomain (127ms)
		LoadAssemblies (95ms)
		RebuildTransferFunctionScriptingTraits (0ms)
		AnalyzeDomain (124ms)
			TypeCache.Refresh (123ms)
				TypeCache.ScanAssembly (108ms)
			ScanForSourceGeneratedMonoScriptInfo (0ms)
			ResolveRequiredComponents (0ms)
	FinalizeReload (266ms)
		ReleaseScriptCaches (0ms)
		RebuildScriptCaches (0ms)
		SetupLoadedEditorAssemblies (220ms)
			LogAssemblyErrors (0ms)
			InitializePlatformSupportModulesInManaged (9ms)
			SetLoadedEditorAssemblies (8ms)
			RefreshPlugins (0ms)
			BeforeProcessingInitializeOnLoad (2ms)
			ProcessInitializeOnLoadAttributes (155ms)
			ProcessInitializeOnLoadMethodAttributes (45ms)
			AfterProcessingInitializeOnLoad (0ms)
			EditorAssembliesLoaded (0ms)
		ExecutionOrderSort2 (0ms)
		AwakeInstancesAfterBackupRestoration (0ms)
========================================================================
Worker process is ready to serve import requests
Caller must complete domain reload
Begin MonoManager ReloadAssembly
- Loaded All Assemblies, in  0.536 seconds
Native extension for WindowsStandalone target not found
[ScriptCompilation] NOT recompiling all scripts because this is an import worker process. Reason to compile was: Define symbols changed
Mono: successfully reloaded assembly
- Finished resetting the current domain, in  0.495 seconds
Domain Reload Profiling: 1029ms
	BeginReloadAssembly (131ms)
		ExecutionOrderSort (0ms)
		DisableScriptedObjects (4ms)
		BackupInstance (0ms)
		ReleaseScriptingObjects (0ms)
		CreateAndSetChildDomain (29ms)
	RebuildCommonClasses (24ms)
	RebuildNativeTypeToScriptingClass (7ms)
	initialDomainReloadingComplete (33ms)
	LoadAllAssembliesAndSetupDomain (338ms)
		LoadAssemblies (271ms)
		RebuildTransferFunctionScriptingTraits (0ms)
		AnalyzeDomain (138ms)
			TypeCache.Refresh (110ms)
				TypeCache.ScanAssembly (99ms)
			ScanForSourceGeneratedMonoScriptInfo (18ms)
			ResolveRequiredComponents (9ms)
	FinalizeReload (496ms)
		ReleaseScriptCaches (0ms)
		RebuildScriptCaches (0ms)
		SetupLoadedEditorAssemblies (386ms)
			LogAssemblyErrors (0ms)
			InitializePlatformSupportModulesInManaged (5ms)
			SetLoadedEditorAssemblies (3ms)
			RefreshPlugins (0ms)
			BeforeProcessingInitializeOnLoad (60ms)
			ProcessInitializeOnLoadAttributes (260ms)
			ProcessInitializeOnLoadMethodAttributes (52ms)
			AfterProcessingInitializeOnLoad (6ms)
			EditorAssembliesLoaded (0ms)
		ExecutionOrderSort2 (0ms)
		AwakeInstancesAfterBackupRestoration (5ms)
Launched and connected shader compiler UnityShaderCompiler.exe after 0.05 seconds
Refreshing native plugins compatible for Editor in 7.22 ms, found 3 plugins.
Preloading 0 native plugins for Editor in 0.00 ms.
Unloading 5041 Unused Serialized files (Serialized files now loaded: 0)
Unloading 36 unused Assets / (2.1 MB). Loaded Objects now: 5492.
Memory consumption went from 211.3 MB to 209.3 MB.
Total: 5.446800 ms (FindLiveObjects: 0.611000 ms CreateObjectMapping: 0.290300 ms MarkObjects: 3.845600 ms  DeleteObjects: 0.698900 ms)

AssetImportParameters requested are different than current active one (requested -> active):
  custom:container-demuxer-ogg: 62fdf1f143b41e24485cea50d1cbac27 -> 
  custom:video-codec-MediaFoundation-h265: 746d11721c4dcdbdad8f713fa42b33f4 -> 
  custom:video-decoder-ogg-theora: a1e56fd34408186e4bbccfd4996cb3dc -> 
  custom:framework-win-MediaFoundation: 216162199b28c13a410421893ffa2e32 -> 
  custom:CustomObjectIndexerAttribute: 3ead1caaecf1c488f20bcfeb224b6af5 -> 
  custom:container-demuxer-webm: 4f35f7cbe854078d1ac9338744f61a02 -> 
  custom:container-muxer-webm: aa71ff27fc2769a1b78a27578f13a17b -> 
  custom:video-decoder-webm-vp8: 9c59270c3fd7afecdb556c50c9e8de78 -> 
  custom:SearchIndexIgnoredProperties: e643bd26f0fe6173181afceb89e7c659 -> 
  custom:AudioImporter_EditorPlatform: d09bf68614088b80899f8185d706f6e7 -> 
  custom:video-encoder-webm-vp8: eb34c28f22e8b96e1ab97ce403110664 -> 
  custom:audio-decoder-ogg-vorbis: bf7c407c2cedff20999df2af8eb42d56 -> 
  custom:audio-encoder-webm-vorbis: bf7c407c2cedff20999df2af8eb42d56 -> 
========================================================================
Received Import Request.
  Time since last request: 3233.631442 seconds.
  path: Assets/Fries and Seagull/Interior 01/Pipelines/Universal Pipeline.unitypackage
  artifactKey: Guid(c6a412c0f904a0b4e973d2598fb1f35d) Importer(815301076,1909f56bfc062723c751e8b465ee728b)
Start importing Assets/Fries and Seagull/Interior 01/Pipelines/Universal Pipeline.unitypackage using Guid(c6a412c0f904a0b4e973d2598fb1f35d) Importer(815301076,1909f56bfc062723c751e8b465ee728b) [PhysX] Initialized MultithreadedTaskDispatcher with 16 workers.
 -> (artifact id: 'a00979cecce8e7c25febc638e4d0a64c') in 0.014349 seconds
Number of updated asset objects reloaded before import = 0
Number of asset objects unloaded after import = 1
========================================================================
Received Import Request.
  Time since last request: 1.036836 seconds.
  path: Assets/Fries and Seagull/Interior 01/Pipelines/Built-in Pipeline.unitypackage
  artifactKey: Guid(4b3316104e9808b499d244407eabf153) Importer(815301076,1909f56bfc062723c751e8b465ee728b)
Start importing Assets/Fries and Seagull/Interior 01/Pipelines/Built-in Pipeline.unitypackage using Guid(4b3316104e9808b499d244407eabf153) Importer(815301076,1909f56bfc062723c751e8b465ee728b) [PhysX] Initialized MultithreadedTaskDispatcher with 16 workers.
 -> (artifact id: '21bde7826de7f020fb65e154b8f3de26') in 0.000758 seconds
Number of updated asset objects reloaded before import = 0
Number of asset objects unloaded after import = 1
========================================================================
Received Prepare
Caller must complete domain reload
Begin MonoManager ReloadAssembly
- Loaded All Assemblies, in  0.418 seconds
Native extension for WindowsStandalone target not found
Mono: successfully reloaded assembly
- Finished resetting the current domain, in  1.015 seconds
Domain Reload Profiling: 1430ms
	BeginReloadAssembly (136ms)
		ExecutionOrderSort (0ms)
		DisableScriptedObjects (4ms)
		BackupInstance (0ms)
		ReleaseScriptingObjects (0ms)
		CreateAndSetChildDomain (31ms)
	RebuildCommonClasses (25ms)
	RebuildNativeTypeToScriptingClass (8ms)
	initialDomainReloadingComplete (26ms)
	LoadAllAssembliesAndSetupDomain (221ms)
		LoadAssemblies (257ms)
		RebuildTransferFunctionScriptingTraits (0ms)
		AnalyzeDomain (37ms)
			TypeCache.Refresh (8ms)
				TypeCache.ScanAssembly (0ms)
			ScanForSourceGeneratedMonoScriptInfo (20ms)
			ResolveRequiredComponents (8ms)
	FinalizeReload (1016ms)
		ReleaseScriptCaches (0ms)
		RebuildScriptCaches (0ms)
		SetupLoadedEditorAssemblies (352ms)
			LogAssemblyErrors (0ms)
			InitializePlatformSupportModulesInManaged (6ms)
			SetLoadedEditorAssemblies (4ms)
			RefreshPlugins (0ms)
			BeforeProcessingInitializeOnLoad (62ms)
			ProcessInitializeOnLoadAttributes (225ms)
			ProcessInitializeOnLoadMethodAttributes (49ms)
			AfterProcessingInitializeOnLoad (7ms)
			EditorAssembliesLoaded (0ms)
		ExecutionOrderSort2 (0ms)
		AwakeInstancesAfterBackupRestoration (12ms)
Refreshing native plugins compatible for Editor in 8.54 ms, found 3 plugins.
Preloading 0 native plugins for Editor in 0.00 ms.
Unloading 4862 Unused Serialized files (Serialized files now loaded: 0)
Unloading 31 unused Assets / (2.0 MB). Loaded Objects now: 5497.
Memory consumption went from 179.0 MB to 177.0 MB.
Total: 5.683500 ms (FindLiveObjects: 0.795500 ms CreateObjectMapping: 0.406400 ms MarkObjects: 3.889700 ms  DeleteObjects: 0.590400 ms)

Prepare: number of updated asset objects reloaded= 0
AssetImportParameters requested are different than current active one (requested -> active):
  custom:container-demuxer-ogg: 62fdf1f143b41e24485cea50d1cbac27 -> 
  custom:video-codec-MediaFoundation-h265: 746d11721c4dcdbdad8f713fa42b33f4 -> 
  custom:video-decoder-ogg-theora: a1e56fd34408186e4bbccfd4996cb3dc -> 
  custom:framework-win-MediaFoundation: 216162199b28c13a410421893ffa2e32 -> 
  custom:CustomObjectIndexerAttribute: 3ead1caaecf1c488f20bcfeb224b6af5 -> 
  custom:container-demuxer-webm: 4f35f7cbe854078d1ac9338744f61a02 -> 
  custom:container-muxer-webm: aa71ff27fc2769a1b78a27578f13a17b -> 
  custom:scripting/monoscript/fileName/YureiManagerBRP.cs: b00dd207e0fc566bece92aabada2b2e1 -> fc1730c8ff52f8040b684e09c7626434
  custom:video-decoder-webm-vp8: 9c59270c3fd7afecdb556c50c9e8de78 -> 
  custom:SearchIndexIgnoredProperties: e643bd26f0fe6173181afceb89e7c659 -> 
  custom:AudioImporter_EditorPlatform: d09bf68614088b80899f8185d706f6e7 -> 
  custom:scripting/monoscript/fileName/YureiManagerURP.cs: e2f3c7da922b7bda7651d540a3b92328 -> d5c9242d5b9b4b746447e3701df5a33f
  custom:video-encoder-webm-vp8: eb34c28f22e8b96e1ab97ce403110664 -> 
  custom:audio-decoder-ogg-vorbis: bf7c407c2cedff20999df2af8eb42d56 -> 
  custom:audio-encoder-webm-vorbis: bf7c407c2cedff20999df2af8eb42d56 -> 
  custom:scripting/precompiled-assembly-types:Assembly-CSharp: c9d0173ce1e1de70653f8b1f42d29949 -> 6afb1d5ddf1f216fee6f266c7dcb3a08
========================================================================
Received Import Request.
  Time since last request: 27.175394 seconds.
  path: Packages/com.unity.render-pipelines.universal/package.json
  artifactKey: Guid(30648b8d550465f4bb77f1e1afd0b37d) Importer(815301076,1909f56bfc062723c751e8b465ee728b)
Start importing Packages/com.unity.render-pipelines.universal/package.json using Guid(30648b8d550465f4bb77f1e1afd0b37d) Importer(815301076,1909f56bfc062723c751e8b465ee728b) [PhysX] Initialized MultithreadedTaskDispatcher with 16 workers.
 -> (artifact id: 'cb555f65d8cc5d499caad39ce09a9bb0') in 0.018541 seconds
Number of updated asset objects reloaded before import = 0
Number of asset objects unloaded after import = 1
========================================================================
Received Import Request.
  Time since last request: 7.267408 seconds.
  path: Packages/com.unity.render-pipelines.universal-config/package.json
  artifactKey: Guid(b13c5df96839b924b85df50f9659b9e4) Importer(815301076,1909f56bfc062723c751e8b465ee728b)
Start importing Packages/com.unity.render-pipelines.universal-config/package.json using Guid(b13c5df96839b924b85df50f9659b9e4) Importer(815301076,1909f56bfc062723c751e8b465ee728b) [PhysX] Initialized MultithreadedTaskDispatcher with 16 workers.
 -> (artifact id: 'e6c64d6fabaedf78a3c39769d075dabe') in 0.000946 seconds
Number of updated asset objects reloaded before import = 0
Number of asset objects unloaded after import = 1
========================================================================
Received Import Request.
  Time since last request: 2.298012 seconds.
  path: Packages/com.unity.render-pipelines.universal-config/Runtime/ShaderConfig.cs.hlsl
  artifactKey: Guid(956ff25f08f5e1d4a9ffc96f5803d5a1) Importer(815301076,1909f56bfc062723c751e8b465ee728b)
Start importing Packages/com.unity.render-pipelines.universal-config/Runtime/ShaderConfig.cs.hlsl using Guid(956ff25f08f5e1d4a9ffc96f5803d5a1) Importer(815301076,1909f56bfc062723c751e8b465ee728b) [PhysX] Initialized MultithreadedTaskDispatcher with 16 workers.
 -> (artifact id: '1b29a0b206ec5491c5b3d453bc00b7f6') in 0.000938 seconds
Number of updated asset objects reloaded before import = 0
Number of asset objects unloaded after import = 1
========================================================================
Received Import Request.
  Time since last request: 12.722922 seconds.
  path: Assets/Settings/SampleSceneProfile.asset
  artifactKey: Guid(a6560a915ef98420e9faacc1c7438823) Importer(815301076,1909f56bfc062723c751e8b465ee728b)
Start importing Assets/Settings/SampleSceneProfile.asset using Guid(a6560a915ef98420e9faacc1c7438823) Importer(815301076,1909f56bfc062723c751e8b465ee728b) [PhysX] Initialized MultithreadedTaskDispatcher with 16 workers.
 -> (artifact id: 'de29200738511273b2ec9da1797ee85a') in 0.005773 seconds
Number of updated asset objects reloaded before import = 0
Number of asset objects unloaded after import = 4
========================================================================
Received Import Request.
  Time since last request: 0.000012 seconds.
  path: Assets/Settings/URP-Performant-Renderer.asset
  artifactKey: Guid(707360a9c581a4bd7aa53bfeb1429f71) Importer(815301076,1909f56bfc062723c751e8b465ee728b)
Start importing Assets/Settings/URP-Performant-Renderer.asset using Guid(707360a9c581a4bd7aa53bfeb1429f71) Importer(815301076,1909f56bfc062723c751e8b465ee728b) [PhysX] Initialized MultithreadedTaskDispatcher with 16 workers.
 -> (artifact id: '437ebfaf6a5c089640d4864f5caa0568') in 0.003357 seconds
Number of updated asset objects reloaded before import = 0
Number of asset objects unloaded after import = 1
========================================================================
Received Import Request.
  Time since last request: 20.230636 seconds.
  path: Packages/com.unity.timeline/package.json
  artifactKey: Guid(13a9c1b4df2e489e8eb9cacca7429596) Importer(815301076,1909f56bfc062723c751e8b465ee728b)
Start importing Packages/com.unity.timeline/package.json using Guid(13a9c1b4df2e489e8eb9cacca7429596) Importer(815301076,1909f56bfc062723c751e8b465ee728b) [PhysX] Initialized MultithreadedTaskDispatcher with 16 workers.
 -> (artifact id: '4b628b91a0ebfb9243074b95a5a2c701') in 0.000838 seconds
Number of updated asset objects reloaded before import = 0
Number of asset objects unloaded after import = 1
========================================================================
Received Import Request.
  Time since last request: 0.802523 seconds.
  path: Packages/com.unity.ugui/package.json
  artifactKey: Guid(319b8889f363f5947acf209c17a94149) Importer(815301076,1909f56bfc062723c751e8b465ee728b)
Start importing Packages/com.unity.ugui/package.json using Guid(319b8889f363f5947acf209c17a94149) Importer(815301076,1909f56bfc062723c751e8b465ee728b) [PhysX] Initialized MultithreadedTaskDispatcher with 16 workers.
 -> (artifact id: '05a488c7cbdcda2e02769507ececfe34') in 0.000937 seconds
Number of updated asset objects reloaded before import = 0
Number of asset objects unloaded after import = 1
========================================================================
Received Import Request.
  Time since last request: 0.378666 seconds.
  path: Packages/com.unity.collab-proxy/package.json
  artifactKey: Guid(743fda8c4b219c8429fb5a77ede1c879) Importer(815301076,1909f56bfc062723c751e8b465ee728b)
Start importing Packages/com.unity.collab-proxy/package.json using Guid(743fda8c4b219c8429fb5a77ede1c879) Importer(815301076,1909f56bfc062723c751e8b465ee728b) [PhysX] Initialized MultithreadedTaskDispatcher with 16 workers.
 -> (artifact id: 'edd256a53010698e84980ef45e803c4d') in 0.000822 seconds
Number of updated asset objects reloaded before import = 0
Number of asset objects unloaded after import = 1
========================================================================
Received Import Request.
  Time since last request: 0.650949 seconds.
  path: Packages/com.unity.visualscripting/package.json
  artifactKey: Guid(545a9d2bc7370224f8d14c22f2f580e0) Importer(815301076,1909f56bfc062723c751e8b465ee728b)
Start importing Packages/com.unity.visualscripting/package.json using Guid(545a9d2bc7370224f8d14c22f2f580e0) Importer(815301076,1909f56bfc062723c751e8b465ee728b) [PhysX] Initialized MultithreadedTaskDispatcher with 16 workers.
 -> (artifact id: 'a02ac286dddd10182e9749b051a99c72') in 0.000859 seconds
Number of updated asset objects reloaded before import = 0
Number of asset objects unloaded after import = 1
========================================================================
Received Import Request.
  Time since last request: 0.735078 seconds.
  path: Packages/com.unity.ide.vscode/package.json
  artifactKey: Guid(ffc6271f08270b64ca0aae9c49235d81) Importer(815301076,1909f56bfc062723c751e8b465ee728b)
Start importing Packages/com.unity.ide.vscode/package.json using Guid(ffc6271f08270b64ca0aae9c49235d81) Importer(815301076,1909f56bfc062723c751e8b465ee728b) [PhysX] Initialized MultithreadedTaskDispatcher with 16 workers.
 -> (artifact id: '663abd0ca9b10d2991d1627da2b8edfb') in 0.000884 seconds
Number of updated asset objects reloaded before import = 0
Number of asset objects unloaded after import = 1
========================================================================
Received Import Request.
  Time since last request: 0.386104 seconds.
  path: Packages/com.unity.ide.visualstudio/package.json
  artifactKey: Guid(656f74f6edaa396458412b9e3903d8cd) Importer(815301076,1909f56bfc062723c751e8b465ee728b)
Start importing Packages/com.unity.ide.visualstudio/package.json using Guid(656f74f6edaa396458412b9e3903d8cd) Importer(815301076,1909f56bfc062723c751e8b465ee728b) [PhysX] Initialized MultithreadedTaskDispatcher with 16 workers.
 -> (artifact id: '01caf112a903666fbcefe8b9b5b83ecc') in 0.000954 seconds
Number of updated asset objects reloaded before import = 0
Number of asset objects unloaded after import = 1
========================================================================
Received Import Request.
  Time since last request: 0.761348 seconds.
  path: Packages/com.unity.textmeshpro/package.json
  artifactKey: Guid(220e9325710f4235a43492dd1ee4980d) Importer(815301076,1909f56bfc062723c751e8b465ee728b)
Start importing Packages/com.unity.textmeshpro/package.json using Guid(220e9325710f4235a43492dd1ee4980d) Importer(815301076,1909f56bfc062723c751e8b465ee728b) [PhysX] Initialized MultithreadedTaskDispatcher with 16 workers.
 -> (artifact id: 'c2670e0c5fd4e79f8d36caf74daeed0c') in 0.000849 seconds
Number of updated asset objects reloaded before import = 0
Number of asset objects unloaded after import = 1
========================================================================
Received Import Request.
  Time since last request: 0.376390 seconds.
  path: Packages/com.unity.searcher/package.json
  artifactKey: Guid(86b0e09d2fd75564f90fbc601e1eec6b) Importer(815301076,1909f56bfc062723c751e8b465ee728b)
Start importing Packages/com.unity.searcher/package.json using Guid(86b0e09d2fd75564f90fbc601e1eec6b) Importer(815301076,1909f56bfc062723c751e8b465ee728b) [PhysX] Initialized MultithreadedTaskDispatcher with 16 workers.
 -> (artifact id: 'f00c76f8dc4ad64628de5f967dce354d') in 0.000851 seconds
Number of updated asset objects reloaded before import = 0
Number of asset objects unloaded after import = 1
========================================================================
Received Import Request.
  Time since last request: 0.391890 seconds.
  path: Packages/com.unity.postprocessing/package.json
  artifactKey: Guid(2705889b3a9580a47b334f039bfdcb00) Importer(815301076,1909f56bfc062723c751e8b465ee728b)
Start importing Packages/com.unity.postprocessing/package.json using Guid(2705889b3a9580a47b334f039bfdcb00) Importer(815301076,1909f56bfc062723c751e8b465ee728b) [PhysX] Initialized MultithreadedTaskDispatcher with 16 workers.
 -> (artifact id: '840ba126a559319f9b3b31c2f865914b') in 0.000825 seconds
Number of updated asset objects reloaded before import = 0
Number of asset objects unloaded after import = 1
========================================================================
Received Import Request.
  Time since last request: 0.427217 seconds.
  path: Packages/com.unity.mathematics/package.json
  artifactKey: Guid(d34d0af25c21141a98c0cf3c0066444f) Importer(815301076,1909f56bfc062723c751e8b465ee728b)
Start importing Packages/com.unity.mathematics/package.json using Guid(d34d0af25c21141a98c0cf3c0066444f) Importer(815301076,1909f56bfc062723c751e8b465ee728b) [PhysX] Initialized MultithreadedTaskDispatcher with 16 workers.
 -> (artifact id: '20b356a4fe82a8619e770b93cf5853d0') in 0.000870 seconds
Number of updated asset objects reloaded before import = 0
Number of asset objects unloaded after import = 1
========================================================================
Received Import Request.
  Time since last request: 0.487355 seconds.
  path: Packages/com.unity.ide.rider/package.json
  artifactKey: Guid(66c95bb3c74257f41bae2622511dc02d) Importer(815301076,1909f56bfc062723c751e8b465ee728b)
Start importing Packages/com.unity.ide.rider/package.json using Guid(66c95bb3c74257f41bae2622511dc02d) Importer(815301076,1909f56bfc062723c751e8b465ee728b) [PhysX] Initialized MultithreadedTaskDispatcher with 16 workers.
 -> (artifact id: 'c4d6e2eecd2ab735fd3cc8598d226fa8') in 0.000930 seconds
Number of updated asset objects reloaded before import = 0
Number of asset objects unloaded after import = 1
========================================================================
Received Import Request.
  Time since last request: 0.397861 seconds.
  path: Packages/com.unity.ext.nunit/package.json
  artifactKey: Guid(8143d3a8390f2c64685e3bc272bd9e90) Importer(815301076,1909f56bfc062723c751e8b465ee728b)
Start importing Packages/com.unity.ext.nunit/package.json using Guid(8143d3a8390f2c64685e3bc272bd9e90) Importer(815301076,1909f56bfc062723c751e8b465ee728b) [PhysX] Initialized MultithreadedTaskDispatcher with 16 workers.
 -> (artifact id: '5cbe71d54625553d1a26ca8ef5e8dc9c') in 0.000890 seconds
Number of updated asset objects reloaded before import = 0
Number of asset objects unloaded after import = 1
========================================================================
Received Import Request.
  Time since last request: 0.388653 seconds.
  path: Packages/com.unity.render-pipelines.core/package.json
  artifactKey: Guid(753d1ac2429a21a44ac5f937cbbb409f) Importer(815301076,1909f56bfc062723c751e8b465ee728b)
Start importing Packages/com.unity.render-pipelines.core/package.json using Guid(753d1ac2429a21a44ac5f937cbbb409f) Importer(815301076,1909f56bfc062723c751e8b465ee728b) [PhysX] Initialized MultithreadedTaskDispatcher with 16 workers.
 -> (artifact id: '4b5222124309ee09562899964328099f') in 0.000879 seconds
Number of updated asset objects reloaded before import = 0
Number of asset objects unloaded after import = 1
========================================================================
Received Import Request.
  Time since last request: 0.802286 seconds.
  path: Packages/com.unity.burst/package.json
  artifactKey: Guid(60714b3a36613ab2918a1439869a826f) Importer(815301076,1909f56bfc062723c751e8b465ee728b)
Start importing Packages/com.unity.burst/package.json using Guid(60714b3a36613ab2918a1439869a826f) Importer(815301076,1909f56bfc062723c751e8b465ee728b) [PhysX] Initialized MultithreadedTaskDispatcher with 16 workers.
 -> (artifact id: 'cb429dd57f0b2face66d42e31a31dcc2') in 0.000951 seconds
Number of updated asset objects reloaded before import = 0
Number of asset objects unloaded after import = 1
========================================================================
Received Import Request.
  Time since last request: 14.374265 seconds.
  path: Assets/Fries and Seagull/Interior 01/Scripts/Setup
  artifactKey: Guid(5ca56bc00c82071459b766e055b2c850) Importer(815301076,1909f56bfc062723c751e8b465ee728b)
Start importing Assets/Fries and Seagull/Interior 01/Scripts/Setup using Guid(5ca56bc00c82071459b766e055b2c850) Importer(815301076,1909f56bfc062723c751e8b465ee728b) [PhysX] Initialized MultithreadedTaskDispatcher with 16 workers.
 -> (artifact id: 'b5279a447ffda5d16a99c3231de44701') in 0.000400 seconds
Number of updated asset objects reloaded before import = 0
Number of asset objects unloaded after import = 0
========================================================================
Received Import Request.
  Time since last request: 0.059579 seconds.
  path: Assets/Fries and Seagull/Interior 01/Scripts/Setup/Post Processing.prefab
  artifactKey: Guid(0fb6d6eab8824d345a61cefac909ae57) Importer(815301076,1909f56bfc062723c751e8b465ee728b)
Start importing Assets/Fries and Seagull/Interior 01/Scripts/Setup/Post Processing.prefab using Guid(0fb6d6eab8824d345a61cefac909ae57) Importer(815301076,1909f56bfc062723c751e8b465ee728b) [PhysX] Initialized MultithreadedTaskDispatcher with 16 workers.
 -> (artifact id: '210aad65b7d1f017a24b20031a07c08e') in 0.015433 seconds
Number of updated asset objects reloaded before import = 0
Number of asset objects unloaded after import = 8
========================================================================
Received Import Request.
  Time since last request: 5.767760 seconds.
  path: Assets/Fries and Seagull/Interior 01/Scripts/Setup/UrpSetup.cs
  artifactKey: Guid(97a548140a8d9c24a9aeca63c1c4fc82) Importer(815301076,1909f56bfc062723c751e8b465ee728b)
Start importing Assets/Fries and Seagull/Interior 01/Scripts/Setup/UrpSetup.cs using Guid(97a548140a8d9c24a9aeca63c1c4fc82) Importer(815301076,1909f56bfc062723c751e8b465ee728b) [PhysX] Initialized MultithreadedTaskDispatcher with 16 workers.
 -> (artifact id: '59b867d73747dff030248658f22abca9') in 0.000409 seconds
Number of updated asset objects reloaded before import = 0
Number of asset objects unloaded after import = 0
========================================================================
Received Import Request.
  Time since last request: 2.762959 seconds.
  path: Assets/Fries and Seagull/Interior 01/Prefabs/Optional/Floor.prefab
  artifactKey: Guid(550f351788fe79541a81557914e2efee) Importer(815301076,1909f56bfc062723c751e8b465ee728b)
Start importing Assets/Fries and Seagull/Interior 01/Prefabs/Optional/Floor.prefab using Guid(550f351788fe79541a81557914e2efee) Importer(815301076,1909f56bfc062723c751e8b465ee728b) [PhysX] Initialized MultithreadedTaskDispatcher with 16 workers.
[PhysX] Initialized MultithreadedTaskDispatcher with 16 workers.
 -> (artifact id: '9f762c40c09d6e6945aaa67a4ce140fc') in 0.740733 seconds
Number of updated asset objects reloaded before import = 0
Number of asset objects unloaded after import = 54
========================================================================
Received Import Request.
  Time since last request: 3.540758 seconds.
  path: Assets/Fries and Seagull/Interior 01/Prefabs/Air Conditioner Ext.prefab
  artifactKey: Guid(0291aaffe4788f44093f251e3e5f74f8) Importer(815301076,1909f56bfc062723c751e8b465ee728b)
Start importing Assets/Fries and Seagull/Interior 01/Prefabs/Air Conditioner Ext.prefab using Guid(0291aaffe4788f44093f251e3e5f74f8) Importer(815301076,1909f56bfc062723c751e8b465ee728b) [PhysX] Initialized MultithreadedTaskDispatcher with 16 workers.
[PhysX] Initialized MultithreadedTaskDispatcher with 16 workers.
 -> (artifact id: 'ea66083a1bb53dd227f1c14cf3a9130b') in 1.167679 seconds
Number of updated asset objects reloaded before import = 0
Number of asset objects unloaded after import = 82
========================================================================
Received Import Request.
  Time since last request: 0.000027 seconds.
  path: Assets/Fries and Seagull/Interior 01/Prefabs/Computer Case.prefab
  artifactKey: Guid(04f08f292eba51c42b3221947ffc83bb) Importer(815301076,1909f56bfc062723c751e8b465ee728b)
Start importing Assets/Fries and Seagull/Interior 01/Prefabs/Computer Case.prefab using Guid(04f08f292eba51c42b3221947ffc83bb) Importer(815301076,1909f56bfc062723c751e8b465ee728b) [PhysX] Initialized MultithreadedTaskDispatcher with 16 workers.
[PhysX] Initialized MultithreadedTaskDispatcher with 16 workers.
 -> (artifact id: '7743e162ee7577c2aa7a9d971016f38e') in 0.019513 seconds
Number of updated asset objects reloaded before import = 0
Number of asset objects unloaded after import = 41
========================================================================
Received Import Request.
  Time since last request: 0.000029 seconds.
  path: Assets/Fries and Seagull/Interior 01/Prefabs/Backpack.prefab
  artifactKey: Guid(c66cf9cc42a8a5248975379bfb94eb29) Importer(815301076,1909f56bfc062723c751e8b465ee728b)
Start importing Assets/Fries and Seagull/Interior 01/Prefabs/Backpack.prefab using Guid(c66cf9cc42a8a5248975379bfb94eb29) Importer(815301076,1909f56bfc062723c751e8b465ee728b) [PhysX] Initialized MultithreadedTaskDispatcher with 16 workers.
[PhysX] Initialized MultithreadedTaskDispatcher with 16 workers.
 -> (artifact id: '11637d570ba694ee299512741aaddc56') in 0.018734 seconds
Number of updated asset objects reloaded before import = 0
Number of asset objects unloaded after import = 23
========================================================================
Received Import Request.
  Time since last request: 0.000021 seconds.
  path: Assets/Fries and Seagull/Interior 01/Prefabs/Books.prefab
  artifactKey: Guid(5fbbb350580e54a428cb4ddbc42369ff) Importer(815301076,1909f56bfc062723c751e8b465ee728b)
Start importing Assets/Fries and Seagull/Interior 01/Prefabs/Books.prefab using Guid(5fbbb350580e54a428cb4ddbc42369ff) Importer(815301076,1909f56bfc062723c751e8b465ee728b) [PhysX] Initialized MultithreadedTaskDispatcher with 16 workers.
[PhysX] Initialized MultithreadedTaskDispatcher with 16 workers.
 -> (artifact id: '0f5b331e5ffa8eddd0725cb673d6a8fc') in 0.015346 seconds
Number of updated asset objects reloaded before import = 0
Number of asset objects unloaded after import = 73
========================================================================
Received Import Request.
  Time since last request: 0.000033 seconds.
  path: Assets/Fries and Seagull/Interior 01/Prefabs/Ceilling Light.prefab
  artifactKey: Guid(943bb5fa6ac782143b7561037a737f5c) Importer(815301076,1909f56bfc062723c751e8b465ee728b)
Start importing Assets/Fries and Seagull/Interior 01/Prefabs/Ceilling Light.prefab using Guid(943bb5fa6ac782143b7561037a737f5c) Importer(815301076,1909f56bfc062723c751e8b465ee728b) [PhysX] Initialized MultithreadedTaskDispatcher with 16 workers.
[PhysX] Initialized MultithreadedTaskDispatcher with 16 workers.
 -> (artifact id: 'f66c2d3a44ee3b35a37ba4d532c661a5') in 0.476832 seconds
Number of updated asset objects reloaded before import = 0
Number of asset objects unloaded after import = 35
========================================================================
Received Import Request.
  Time since last request: 1.558334 seconds.
  path: Assets/Fries and Seagull/Interior 01/Models/Hook.fbx
  artifactKey: Guid(cfb2a3239f0c9344896d64f9d194c65c) Importer(815301076,1909f56bfc062723c751e8b465ee728b)
Start importing Assets/Fries and Seagull/Interior 01/Models/Hook.fbx using Guid(cfb2a3239f0c9344896d64f9d194c65c) Importer(815301076,1909f56bfc062723c751e8b465ee728b) [PhysX] Initialized MultithreadedTaskDispatcher with 16 workers.
[PhysX] Initialized MultithreadedTaskDispatcher with 16 workers.
[PhysX] Initialized MultithreadedTaskDispatcher with 16 workers.
[PhysX] Initialized MultithreadedTaskDispatcher with 16 workers.
[PhysX] Initialized MultithreadedTaskDispatcher with 16 workers.
[PhysX] Initialized MultithreadedTaskDispatcher with 16 workers.
 -> (artifact id: '6a62b4eed9619ef2fe13edb92354a465') in 0.225688 seconds
Number of updated asset objects reloaded before import = 0
Number of asset objects unloaded after import = 11
========================================================================
Received Import Request.
  Time since last request: 0.000023 seconds.
  path: Assets/Fries and Seagull/Interior 01/Models/Pen Container.fbx
  artifactKey: Guid(c51f8ebdf0f72e344a3a2f3dc362fdf9) Importer(815301076,1909f56bfc062723c751e8b465ee728b)
Start importing Assets/Fries and Seagull/Interior 01/Models/Pen Container.fbx using Guid(c51f8ebdf0f72e344a3a2f3dc362fdf9) Importer(815301076,1909f56bfc062723c751e8b465ee728b) [PhysX] Initialized MultithreadedTaskDispatcher with 16 workers.
[PhysX] Initialized MultithreadedTaskDispatcher with 16 workers.
[PhysX] Initialized MultithreadedTaskDispatcher with 16 workers.
[PhysX] Initialized MultithreadedTaskDispatcher with 16 workers.
[PhysX] Initialized MultithreadedTaskDispatcher with 16 workers.
[PhysX] Initialized MultithreadedTaskDispatcher with 16 workers.
[PhysX] Initialized MultithreadedTaskDispatcher with 16 workers.
[PhysX] Initialized MultithreadedTaskDispatcher with 16 workers.
[PhysX] Initialized MultithreadedTaskDispatcher with 16 workers.
[PhysX] Initialized MultithreadedTaskDispatcher with 16 workers.
[PhysX] Initialized MultithreadedTaskDispatcher with 16 workers.
[PhysX] Initialized MultithreadedTaskDispatcher with 16 workers.
 -> (artifact id: 'c0e620b815581152731087c5c4088716') in 0.040950 seconds
Number of updated asset objects reloaded before import = 0
Number of asset objects unloaded after import = 27
========================================================================
Received Import Request.
  Time since last request: 0.073471 seconds.
  path: Assets/Fries and Seagull/Interior 01/Models/Remote.fbx
  artifactKey: Guid(2d5b087eb12b51c479f6ce7482d8f42a) Importer(815301076,1909f56bfc062723c751e8b465ee728b)
Start importing Assets/Fries and Seagull/Interior 01/Models/Remote.fbx using Guid(2d5b087eb12b51c479f6ce7482d8f42a) Importer(815301076,1909f56bfc062723c751e8b465ee728b) [PhysX] Initialized MultithreadedTaskDispatcher with 16 workers.
[PhysX] Initialized MultithreadedTaskDispatcher with 16 workers.
[PhysX] Initialized MultithreadedTaskDispatcher with 16 workers.
[PhysX] Initialized MultithreadedTaskDispatcher with 16 workers.
[PhysX] Initialized MultithreadedTaskDispatcher with 16 workers.
[PhysX] Initialized MultithreadedTaskDispatcher with 16 workers.
 -> (artifact id: 'b5f6e4c4283909ba6d175c9984594b44') in 0.026014 seconds
Number of updated asset objects reloaded before import = 0
Number of asset objects unloaded after import = 11
========================================================================
Received Import Request.
  Time since last request: 0.019360 seconds.
  path: Assets/Fries and Seagull/Interior 01/Models/Table 3.fbx
  artifactKey: Guid(0c6e74c988dcf374baa937b3022475d9) Importer(815301076,1909f56bfc062723c751e8b465ee728b)
Start importing Assets/Fries and Seagull/Interior 01/Models/Table 3.fbx using Guid(0c6e74c988dcf374baa937b3022475d9) Importer(815301076,1909f56bfc062723c751e8b465ee728b) [PhysX] Initialized MultithreadedTaskDispatcher with 16 workers.
[PhysX] Initialized MultithreadedTaskDispatcher with 16 workers.
[PhysX] Initialized MultithreadedTaskDispatcher with 16 workers.
[PhysX] Initialized MultithreadedTaskDispatcher with 16 workers.
[PhysX] Initialized MultithreadedTaskDispatcher with 16 workers.
[PhysX] Initialized MultithreadedTaskDispatcher with 16 workers.
 -> (artifact id: '0afc657c033d6863c125b6150ca01d91') in 0.028563 seconds
Number of updated asset objects reloaded before import = 0
Number of asset objects unloaded after import = 11
========================================================================
Received Import Request.
  Time since last request: 2.603289 seconds.
  path: Assets/Fries and Seagull/Interior 01/Materials/AC Light.mat
  artifactKey: Guid(ba691c825db204446a46e55b1e441928) Importer(815301076,1909f56bfc062723c751e8b465ee728b)
Start importing Assets/Fries and Seagull/Interior 01/Materials/AC Light.mat using Guid(ba691c825db204446a46e55b1e441928) Importer(815301076,1909f56bfc062723c751e8b465ee728b) [PhysX] Initialized MultithreadedTaskDispatcher with 16 workers.
[PhysX] Initialized MultithreadedTaskDispatcher with 16 workers.
 -> (artifact id: 'a3d89d0264d8fb201361daa129789390') in 0.014845 seconds
Number of updated asset objects reloaded before import = 0
Number of asset objects unloaded after import = 2
========================================================================
Received Import Request.
  Time since last request: 0.000019 seconds.
  path: Assets/Fries and Seagull/Interior 01/Materials/Kettle Light.mat
  artifactKey: Guid(89f3d422060013846bfb2cc953485ff8) Importer(815301076,1909f56bfc062723c751e8b465ee728b)
Start importing Assets/Fries and Seagull/Interior 01/Materials/Kettle Light.mat using Guid(89f3d422060013846bfb2cc953485ff8) Importer(815301076,1909f56bfc062723c751e8b465ee728b) [PhysX] Initialized MultithreadedTaskDispatcher with 16 workers.
[PhysX] Initialized MultithreadedTaskDispatcher with 16 workers.
 -> (artifact id: '1bdd4023a0e136e8a3ff67a50816b0db') in 0.015692 seconds
Number of updated asset objects reloaded before import = 0
Number of asset objects unloaded after import = 2
========================================================================
Received Import Request.
  Time since last request: 1.935265 seconds.
  path: Assets/Fries and Seagull/Interior 01/Materials/Materials/Table 3.mat
  artifactKey: Guid(0e1315befd6edb446a975c293fb26a11) Importer(815301076,1909f56bfc062723c751e8b465ee728b)
Start importing Assets/Fries and Seagull/Interior 01/Materials/Materials/Table 3.mat using Guid(0e1315befd6edb446a975c293fb26a11) Importer(815301076,1909f56bfc062723c751e8b465ee728b) [PhysX] Initialized MultithreadedTaskDispatcher with 16 workers.
[PhysX] Initialized MultithreadedTaskDispatcher with 16 workers.
 -> (artifact id: '0c451332def7c452eac90c97f6225e94') in 0.013643 seconds
Number of updated asset objects reloaded before import = 0
Number of asset objects unloaded after import = 3
========================================================================
Received Import Request.
  Time since last request: 3.136794 seconds.
  path: Assets/Fries and Seagull/Interior 01/Effect/Alpha.mat
  artifactKey: Guid(a1df6fb7dead5ed4b87669cb6dfb8208) Importer(815301076,1909f56bfc062723c751e8b465ee728b)
Start importing Assets/Fries and Seagull/Interior 01/Effect/Alpha.mat using Guid(a1df6fb7dead5ed4b87669cb6dfb8208) Importer(815301076,1909f56bfc062723c751e8b465ee728b) [PhysX] Initialized MultithreadedTaskDispatcher with 16 workers.
[PhysX] Initialized MultithreadedTaskDispatcher with 16 workers.
 -> (artifact id: 'a863f78ed6f60d7c782f5a9c287a0965') in 0.015022 seconds
Number of updated asset objects reloaded before import = 0
Number of asset objects unloaded after import = 2
========================================================================
Received Import Request.
  Time since last request: 9.123550 seconds.
  path: Assets/Scenes
  artifactKey: Guid(7301af1bdc55e614b95737010b76b623) Importer(815301076,1909f56bfc062723c751e8b465ee728b)
Start importing Assets/Scenes using Guid(7301af1bdc55e614b95737010b76b623) Importer(815301076,1909f56bfc062723c751e8b465ee728b) [PhysX] Initialized MultithreadedTaskDispatcher with 16 workers.
 -> (artifact id: '078291c04e7608d0736b82d47bea5e21') in 0.000465 seconds
Number of updated asset objects reloaded before import = 0
Number of asset objects unloaded after import = 0
========================================================================
Received Import Request.
  Time since last request: 17.302152 seconds.
  path: Assets/Fries and Seagull/Interior 01/BRP Sample Scene.unity
  artifactKey: Guid(923d0fdfeea77274ca966167e1470f7e) Importer(815301076,1909f56bfc062723c751e8b465ee728b)
Start importing Assets/Fries and Seagull/Interior 01/BRP Sample Scene.unity using Guid(923d0fdfeea77274ca966167e1470f7e) Importer(815301076,1909f56bfc062723c751e8b465ee728b) [PhysX] Initialized MultithreadedTaskDispatcher with 16 workers.
 -> (artifact id: 'dacdff6073827270b365bbd880c25fed') in 0.000493 seconds
Number of updated asset objects reloaded before import = 0
Number of asset objects unloaded after import = 0
========================================================================
Received Import Request.
  Time since last request: 0.673866 seconds.
  path: Assets/Fries and Seagull/Interior 01/URP Sample Scene.unity
  artifactKey: Guid(04ea2f8cf37556249884c0414b134502) Importer(815301076,1909f56bfc062723c751e8b465ee728b)
Start importing Assets/Fries and Seagull/Interior 01/URP Sample Scene.unity using Guid(04ea2f8cf37556249884c0414b134502) Importer(815301076,1909f56bfc062723c751e8b465ee728b) [PhysX] Initialized MultithreadedTaskDispatcher with 16 workers.
 -> (artifact id: '1fc27b21684f626d2d9907bacd8fc738') in 0.000447 seconds
Number of updated asset objects reloaded before import = 0
Number of asset objects unloaded after import = 0
========================================================================
Received Import Request.
  Time since last request: 4.261746 seconds.
  path: Assets/Fries and Seagull/Interior 01/Documentation EN.pdf
  artifactKey: Guid(c5906668d10e76045aa8caec06fd830f) Importer(815301076,1909f56bfc062723c751e8b465ee728b)
Start importing Assets/Fries and Seagull/Interior 01/Documentation EN.pdf using Guid(c5906668d10e76045aa8caec06fd830f) Importer(815301076,1909f56bfc062723c751e8b465ee728b) [PhysX] Initialized MultithreadedTaskDispatcher with 16 workers.
 -> (artifact id: 'a1a3c96fb5c875e58d3cfe26505f697b') in 0.000724 seconds
Number of updated asset objects reloaded before import = 0
Number of asset objects unloaded after import = 1
========================================================================
Received Import Request.
  Time since last request: 63.393285 seconds.
  path: Assets/Fries and Seagull/Interior 01/Effect/Fan End.anim
  artifactKey: Guid(d7d5f3cfb55460149a0fcbe3420873f3) Importer(815301076,1909f56bfc062723c751e8b465ee728b)
Start importing Assets/Fries and Seagull/Interior 01/Effect/Fan End.anim using Guid(d7d5f3cfb55460149a0fcbe3420873f3) Importer(815301076,1909f56bfc062723c751e8b465ee728b) [PhysX] Initialized MultithreadedTaskDispatcher with 16 workers.
 -> (artifact id: '6b875646e56947949a35bcea4ccc13c0') in 0.000946 seconds
Number of updated asset objects reloaded before import = 0
Number of asset objects unloaded after import = 1
========================================================================
Received Import Request.
  Time since last request: 23.204809 seconds.
  path: Assets/Readme.asset
  artifactKey: Guid(8105016687592461f977c054a80ce2f2) Importer(2089858483,0ecaa5967403d082aa24f35e1b516d23)
Start importing Assets/Readme.asset using Guid(8105016687592461f977c054a80ce2f2) Importer(2089858483,0ecaa5967403d082aa24f35e1b516d23) [PhysX] Initialized MultithreadedTaskDispatcher with 16 workers.
 -> (artifact id: '38a9c91417858815e33a672433581118') in 0.178082 seconds
Number of updated asset objects reloaded before import = 0
Number of asset objects unloaded after import = 2
========================================================================
Received Import Request.
  Time since last request: 0.000023 seconds.
  path: Assets/Fries and Seagull/Interior 01/Prefabs/Air Conditioner Ext. Wireless.prefab
  artifactKey: Guid(80797f014bde8854e9dc3cf9f92e6282) Importer(2089858483,0ecaa5967403d082aa24f35e1b516d23)
Start importing Assets/Fries and Seagull/Interior 01/Prefabs/Air Conditioner Ext. Wireless.prefab using Guid(80797f014bde8854e9dc3cf9f92e6282) Importer(2089858483,0ecaa5967403d082aa24f35e1b516d23) [PhysX] Initialized MultithreadedTaskDispatcher with 16 workers.
 -> (artifact id: 'caefa6bc7dcfaf7263efff9fc2d2c726') in 0.047737 seconds
Number of updated asset objects reloaded before import = 0
Number of asset objects unloaded after import = 49
========================================================================
Received Import Request.
  Time since last request: 0.000026 seconds.
  path: Assets/Settings/URP-Performant-Renderer.asset
  artifactKey: Guid(707360a9c581a4bd7aa53bfeb1429f71) Importer(2089858483,0ecaa5967403d082aa24f35e1b516d23)
Start importing Assets/Settings/URP-Performant-Renderer.asset using Guid(707360a9c581a4bd7aa53bfeb1429f71) Importer(2089858483,0ecaa5967403d082aa24f35e1b516d23) [PhysX] Initialized MultithreadedTaskDispatcher with 16 workers.
 -> (artifact id: '5bff4360a4ae79c782d77d629ead8bdd') in 0.028778 seconds
Number of updated asset objects reloaded before import = 0
Number of asset objects unloaded after import = 1
========================================================================
Received Import Request.
  Time since last request: 0.000020 seconds.
  path: Assets/Fries and Seagull/Interior 01/Materials/AC Light.mat
  artifactKey: Guid(ba691c825db204446a46e55b1e441928) Importer(2089858483,0ecaa5967403d082aa24f35e1b516d23)
Start importing Assets/Fries and Seagull/Interior 01/Materials/AC Light.mat using Guid(ba691c825db204446a46e55b1e441928) Importer(2089858483,0ecaa5967403d082aa24f35e1b516d23) [PhysX] Initialized MultithreadedTaskDispatcher with 16 workers.
 -> (artifact id: '790b4f82c5199f523abb3a968e50d325') in 0.020141 seconds
Number of updated asset objects reloaded before import = 0
Number of asset objects unloaded after import = 1
========================================================================
Received Import Request.
  Time since last request: 0.000022 seconds.
  path: Assets/Fries and Seagull/Interior 01/Materials/Monitor Mat.mat
  artifactKey: Guid(b97ae039ce5b88148b8f5711cc887a4c) Importer(2089858483,0ecaa5967403d082aa24f35e1b516d23)
Start importing Assets/Fries and Seagull/Interior 01/Materials/Monitor Mat.mat using Guid(b97ae039ce5b88148b8f5711cc887a4c) Importer(2089858483,0ecaa5967403d082aa24f35e1b516d23) [PhysX] Initialized MultithreadedTaskDispatcher with 16 workers.
 -> (artifact id: '1756a158d2939948380b05d8d4253abf') in 0.014538 seconds
Number of updated asset objects reloaded before import = 0
Number of asset objects unloaded after import = 2
========================================================================
Received Import Request.
  Time since last request: 0.000019 seconds.
  path: Assets/Fries and Seagull/Interior 01/Models/Air Conditioner.fbx
  artifactKey: Guid(b24fc62430861744ea4d4329011d083d) Importer(2089858483,0ecaa5967403d082aa24f35e1b516d23)
Start importing Assets/Fries and Seagull/Interior 01/Models/Air Conditioner.fbx using Guid(b24fc62430861744ea4d4329011d083d) Importer(2089858483,0ecaa5967403d082aa24f35e1b516d23) [PhysX] Initialized MultithreadedTaskDispatcher with 16 workers.
 -> (artifact id: 'a1f958c915f81930372322ddb25269f8') in 0.050019 seconds
Number of updated asset objects reloaded before import = 0
Number of asset objects unloaded after import = 40
========================================================================
Received Import Request.
  Time since last request: 0.000027 seconds.
  path: Assets/Fries and Seagull/Interior 01/Effect/Wind Stripe.prefab
  artifactKey: Guid(53c8bc65bc621c346af1fccc154a5ce7) Importer(2089858483,3d70f49cd1c2eb9ae422958d1c652c6b)
Start importing Assets/Fries and Seagull/Interior 01/Effect/Wind Stripe.prefab using Guid(53c8bc65bc621c346af1fccc154a5ce7) Importer(2089858483,3d70f49cd1c2eb9ae422958d1c652c6b) [PhysX] Initialized MultithreadedTaskDispatcher with 16 workers.
 -> (artifact id: 'a045c27d0d5bd60d1642b357db193c0b') in 0.019798 seconds
Number of updated asset objects reloaded before import = 0
Number of asset objects unloaded after import = 8
========================================================================
Received Import Request.
  Time since last request: 0.000022 seconds.
  path: Assets/Fries and Seagull/Interior 01/Prefabs/Computer.prefab
  artifactKey: Guid(0cfb98e1488cb9948a9dc462f0771e9e) Importer(2089858483,0ecaa5967403d082aa24f35e1b516d23)
Start importing Assets/Fries and Seagull/Interior 01/Prefabs/Computer.prefab using Guid(0cfb98e1488cb9948a9dc462f0771e9e) Importer(2089858483,0ecaa5967403d082aa24f35e1b516d23) [PhysX] Initialized MultithreadedTaskDispatcher with 16 workers.
 -> (artifact id: 'f8cf869e3b133a7c10a0659561d07e46') in 0.030845 seconds
Number of updated asset objects reloaded before import = 0
Number of asset objects unloaded after import = 69
========================================================================
Received Import Request.
  Time since last request: 0.000024 seconds.
  path: Assets/Settings/URP-Balanced.asset
  artifactKey: Guid(e1260c1148f6143b28bae5ace5e9c5d1) Importer(2089858483,0ecaa5967403d082aa24f35e1b516d23)
Start importing Assets/Settings/URP-Balanced.asset using Guid(e1260c1148f6143b28bae5ace5e9c5d1) Importer(2089858483,0ecaa5967403d082aa24f35e1b516d23) [PhysX] Initialized MultithreadedTaskDispatcher with 16 workers.
 -> (artifact id: '5c9fb5b7011647984130554f1a88a959') in 0.065351 seconds
Number of updated asset objects reloaded before import = 0
Number of asset objects unloaded after import = 3
========================================================================
Received Import Request.
  Time since last request: 0.000055 seconds.
  path: Assets/Fries and Seagull/Interior 01/Models/Table 3.fbx
  artifactKey: Guid(0c6e74c988dcf374baa937b3022475d9) Importer(2089858483,0ecaa5967403d082aa24f35e1b516d23)
Start importing Assets/Fries and Seagull/Interior 01/Models/Table 3.fbx using Guid(0c6e74c988dcf374baa937b3022475d9) Importer(2089858483,0ecaa5967403d082aa24f35e1b516d23) [PhysX] Initialized MultithreadedTaskDispatcher with 16 workers.
 -> (artifact id: '993aaa1cfdb059ebafb622c3283b0493') in 0.048096 seconds
Number of updated asset objects reloaded before import = 0
Number of asset objects unloaded after import = 10
========================================================================
Received Import Request.
  Time since last request: 0.000108 seconds.
  path: Assets/Fries and Seagull/Interior 01/URP Sample Scene.unity
  artifactKey: Guid(04ea2f8cf37556249884c0414b134502) Importer(2089858483,0ecaa5967403d082aa24f35e1b516d23)
Start importing Assets/Fries and Seagull/Interior 01/URP Sample Scene.unity using Guid(04ea2f8cf37556249884c0414b134502) Importer(2089858483,0ecaa5967403d082aa24f35e1b516d23) [PhysX] Initialized MultithreadedTaskDispatcher with 16 workers.
 -> (artifact id: 'a6f83ee055fa5c4c21bb86dbf63a4604') in 0.014693 seconds
Number of updated asset objects reloaded before import = 0
Number of asset objects unloaded after import = 1
========================================================================
Received Import Request.
  Time since last request: 0.000027 seconds.
  path: Assets/Fries and Seagull/Interior 01/Prefabs/Curtain.prefab
  artifactKey: Guid(8ec665a2cb116224780abac5683d81ab) Importer(2089858483,0ecaa5967403d082aa24f35e1b516d23)
Start importing Assets/Fries and Seagull/Interior 01/Prefabs/Curtain.prefab using Guid(8ec665a2cb116224780abac5683d81ab) Importer(2089858483,0ecaa5967403d082aa24f35e1b516d23) [PhysX] Initialized MultithreadedTaskDispatcher with 16 workers.
 -> (artifact id: '60bb384defb3aa0d853e86f93d95b7b0') in 0.019870 seconds
Number of updated asset objects reloaded before import = 0
Number of asset objects unloaded after import = 37
========================================================================
Received Import Request.
  Time since last request: 0.000018 seconds.
  path: Assets/Fries and Seagull/Interior 01/Materials/Computer Light Glass 1.mat
  artifactKey: Guid(e13b4c5993313194ea57f72774f0b0b0) Importer(2089858483,0ecaa5967403d082aa24f35e1b516d23)
Start importing Assets/Fries and Seagull/Interior 01/Materials/Computer Light Glass 1.mat using Guid(e13b4c5993313194ea57f72774f0b0b0) Importer(2089858483,0ecaa5967403d082aa24f35e1b516d23) [PhysX] Initialized MultithreadedTaskDispatcher with 16 workers.
 -> (artifact id: 'bad96167e022b58348a6b251063c22b5') in 0.014617 seconds
Number of updated asset objects reloaded before import = 0
Number of asset objects unloaded after import = 1
========================================================================
Received Import Request.
  Time since last request: 0.000022 seconds.
  path: Assets/Fries and Seagull/Interior 01/Prefabs/Paper Bottle.prefab
  artifactKey: Guid(90e79b0b794e84d46bd27267a999cb6f) Importer(2089858483,3d70f49cd1c2eb9ae422958d1c652c6b)
Start importing Assets/Fries and Seagull/Interior 01/Prefabs/Paper Bottle.prefab using Guid(90e79b0b794e84d46bd27267a999cb6f) Importer(2089858483,3d70f49cd1c2eb9ae422958d1c652c6b) [PhysX] Initialized MultithreadedTaskDispatcher with 16 workers.
 -> (artifact id: '562dd8b116294d7812c86a08f06c9a3f') in 0.011343 seconds
Number of updated asset objects reloaded before import = 0
Number of asset objects unloaded after import = 20
========================================================================
Received Import Request.
  Time since last request: 0.000019 seconds.
  path: Assets/Fries and Seagull/Interior 01/Prefabs/Air Conditioner Int. Wireless.prefab
  artifactKey: Guid(16c4aff8b3513c24c9462cbf6a2f8ee7) Importer(2089858483,0ecaa5967403d082aa24f35e1b516d23)
Start importing Assets/Fries and Seagull/Interior 01/Prefabs/Air Conditioner Int. Wireless.prefab using Guid(16c4aff8b3513c24c9462cbf6a2f8ee7) Importer(2089858483,0ecaa5967403d082aa24f35e1b516d23) [PhysX] Initialized MultithreadedTaskDispatcher with 16 workers.
 -> (artifact id: '93b788587b8ab3842a292581c4ff4b53') in 0.023020 seconds
Number of updated asset objects reloaded before import = 0
Number of asset objects unloaded after import = 49
========================================================================
Received Import Request.
  Time since last request: 0.000024 seconds.
  path: Assets/Settings/SampleSceneProfile.asset
  artifactKey: Guid(a6560a915ef98420e9faacc1c7438823) Importer(2089858483,3d70f49cd1c2eb9ae422958d1c652c6b)
Start importing Assets/Settings/SampleSceneProfile.asset using Guid(a6560a915ef98420e9faacc1c7438823) Importer(2089858483,3d70f49cd1c2eb9ae422958d1c652c6b) [PhysX] Initialized MultithreadedTaskDispatcher with 16 workers.
 -> (artifact id: '3b24277dd9e20f1e3b2439a595f14a6f') in 0.017098 seconds
Number of updated asset objects reloaded before import = 0
Number of asset objects unloaded after import = 3
========================================================================
Received Import Request.
  Time since last request: 0.000026 seconds.
  path: Assets/Fries and Seagull/Interior 01/Prefabs/Optional/Floor.prefab
  artifactKey: Guid(550f351788fe79541a81557914e2efee) Importer(2089858483,3d70f49cd1c2eb9ae422958d1c652c6b)
Start importing Assets/Fries and Seagull/Interior 01/Prefabs/Optional/Floor.prefab using Guid(550f351788fe79541a81557914e2efee) Importer(2089858483,3d70f49cd1c2eb9ae422958d1c652c6b) [PhysX] Initialized MultithreadedTaskDispatcher with 16 workers.
 -> (artifact id: '56067c53616e36055585ab7559aec69f') in 0.022553 seconds
Number of updated asset objects reloaded before import = 0
Number of asset objects unloaded after import = 32
========================================================================
Received Import Request.
  Time since last request: 0.000034 seconds.
  path: Assets/Fries and Seagull/Interior 01/Models/Computer.fbx
  artifactKey: Guid(237ef662d9bdec94bb2591dd8dae52e3) Importer(2089858483,0ecaa5967403d082aa24f35e1b516d23)
Start importing Assets/Fries and Seagull/Interior 01/Models/Computer.fbx using Guid(237ef662d9bdec94bb2591dd8dae52e3) Importer(2089858483,0ecaa5967403d082aa24f35e1b516d23) [PhysX] Initialized MultithreadedTaskDispatcher with 16 workers.
 -> (artifact id: 'd2f62897840dd97a6fd4b222a4b78cea') in 0.036391 seconds
Number of updated asset objects reloaded before import = 0
Number of asset objects unloaded after import = 29
========================================================================
Received Import Request.
  Time since last request: 0.000028 seconds.
  path: Assets/Fries and Seagull/Interior 01/Prefabs/Computer Mouse Pack.prefab
  artifactKey: Guid(ac687bfd5e89c7a459eaa2e48e1fe8f9) Importer(2089858483,0ecaa5967403d082aa24f35e1b516d23)
Start importing Assets/Fries and Seagull/Interior 01/Prefabs/Computer Mouse Pack.prefab using Guid(ac687bfd5e89c7a459eaa2e48e1fe8f9) Importer(2089858483,0ecaa5967403d082aa24f35e1b516d23) [PhysX] Initialized MultithreadedTaskDispatcher with 16 workers.
 -> (artifact id: 'd96db911512a59e6f87f52de4ebb4a2e') in 0.023065 seconds
Number of updated asset objects reloaded before import = 0
Number of asset objects unloaded after import = 42
========================================================================
Received Import Request.
  Time since last request: 0.000023 seconds.
  path: Assets/Scenes/SampleScene.unity
  artifactKey: Guid(99c9720ab356a0642a771bea13969a05) Importer(2089858483,0ecaa5967403d082aa24f35e1b516d23)
Start importing Assets/Scenes/SampleScene.unity using Guid(99c9720ab356a0642a771bea13969a05) Importer(2089858483,0ecaa5967403d082aa24f35e1b516d23) [PhysX] Initialized MultithreadedTaskDispatcher with 16 workers.
 -> (artifact id: '12d4207fc979f346490c07d7d9610e45') in 0.019453 seconds
Number of updated asset objects reloaded before import = 0
Number of asset objects unloaded after import = 1
========================================================================
Received Import Request.
  Time since last request: 0.000024 seconds.
  path: Assets/Fries and Seagull/Interior 01/Prefabs/Computer Monitor.prefab
  artifactKey: Guid(e957031badb353f44884ce0bb321c2a2) Importer(2089858483,0ecaa5967403d082aa24f35e1b516d23)
Start importing Assets/Fries and Seagull/Interior 01/Prefabs/Computer Monitor.prefab using Guid(e957031badb353f44884ce0bb321c2a2) Importer(2089858483,0ecaa5967403d082aa24f35e1b516d23) [PhysX] Initialized MultithreadedTaskDispatcher with 16 workers.
 -> (artifact id: '80097d1e6f36868f1b9fa810aeb72fab') in 0.028168 seconds
Number of updated asset objects reloaded before import = 0
Number of asset objects unloaded after import = 57
========================================================================
Received Import Request.
  Time since last request: 0.000030 seconds.
  path: Assets/Fries and Seagull/Interior 01/Models/Pen Container.fbx
  artifactKey: Guid(c51f8ebdf0f72e344a3a2f3dc362fdf9) Importer(2089858483,0ecaa5967403d082aa24f35e1b516d23)
Start importing Assets/Fries and Seagull/Interior 01/Models/Pen Container.fbx using Guid(c51f8ebdf0f72e344a3a2f3dc362fdf9) Importer(2089858483,0ecaa5967403d082aa24f35e1b516d23) [PhysX] Initialized MultithreadedTaskDispatcher with 16 workers.
 -> (artifact id: '4c587d685ac9153174b95e3355d0d065') in 0.032686 seconds
Number of updated asset objects reloaded before import = 0
Number of asset objects unloaded after import = 26
========================================================================
Received Import Request.
  Time since last request: 0.000023 seconds.
  path: Assets/Fries and Seagull/Interior 01/Models/Suitcase.fbx
  artifactKey: Guid(86eddd495f8cdbb4ba0a5c9869025ce2) Importer(2089858483,0ecaa5967403d082aa24f35e1b516d23)
Start importing Assets/Fries and Seagull/Interior 01/Models/Suitcase.fbx using Guid(86eddd495f8cdbb4ba0a5c9869025ce2) Importer(2089858483,0ecaa5967403d082aa24f35e1b516d23) [PhysX] Initialized MultithreadedTaskDispatcher with 16 workers.
 -> (artifact id: '01034f6b7e179291b0bacb4a99d7f043') in 0.037000 seconds
Number of updated asset objects reloaded before import = 0
Number of asset objects unloaded after import = 34
========================================================================
Received Import Request.
  Time since last request: 0.000063 seconds.
  path: Assets/Fries and Seagull/Interior 01/Models/Keyboard.fbx
  artifactKey: Guid(2cbabcf6b1d965f47adcfc1635a9d698) Importer(2089858483,0ecaa5967403d082aa24f35e1b516d23)
Start importing Assets/Fries and Seagull/Interior 01/Models/Keyboard.fbx using Guid(2cbabcf6b1d965f47adcfc1635a9d698) Importer(2089858483,0ecaa5967403d082aa24f35e1b516d23) [PhysX] Initialized MultithreadedTaskDispatcher with 16 workers.
 -> (artifact id: 'b61bdc66db0a78ebc19079a33350bfd2') in 0.088955 seconds
Number of updated asset objects reloaded before import = 0
Number of asset objects unloaded after import = 180
========================================================================
Received Import Request.
  Time since last request: 0.000028 seconds.
  path: Assets/Fries and Seagull/Interior 01/Scripts/Clock.cs
  artifactKey: Guid(3ba0145ecef147e7bf25c6536b9fc5e9) Importer(2089858483,0ecaa5967403d082aa24f35e1b516d23)
Start importing Assets/Fries and Seagull/Interior 01/Scripts/Clock.cs using Guid(3ba0145ecef147e7bf25c6536b9fc5e9) Importer(2089858483,0ecaa5967403d082aa24f35e1b516d23) [PhysX] Initialized MultithreadedTaskDispatcher with 16 workers.
 -> (artifact id: '23872f3f45a2e30e7ea59525db992f8a') in 0.020605 seconds
Number of updated asset objects reloaded before import = 0
Number of asset objects unloaded after import = 1
========================================================================
Received Import Request.
  Time since last request: 0.000125 seconds.
  path: Assets/Fries and Seagull/Interior 01/Scripts/Monitor.cs
  artifactKey: Guid(0103c688498a4feabe93de7284f574eb) Importer(2089858483,0ecaa5967403d082aa24f35e1b516d23)
Start importing Assets/Fries and Seagull/Interior 01/Scripts/Monitor.cs using Guid(0103c688498a4feabe93de7284f574eb) Importer(2089858483,0ecaa5967403d082aa24f35e1b516d23) [PhysX] Initialized MultithreadedTaskDispatcher with 16 workers.
 -> (artifact id: 'c501c56117a9a0f708207634383e9ab9') in 0.019757 seconds
Number of updated asset objects reloaded before import = 0
Number of asset objects unloaded after import = 1
========================================================================
Received Import Request.
  Time since last request: 0.000022 seconds.
  path: Assets/Fries and Seagull/Interior 01/Scripts/OfficeChair.cs
  artifactKey: Guid(5ff30d00272a4770a5bbc1bea481d545) Importer(2089858483,0ecaa5967403d082aa24f35e1b516d23)
Start importing Assets/Fries and Seagull/Interior 01/Scripts/OfficeChair.cs using Guid(5ff30d00272a4770a5bbc1bea481d545) Importer(2089858483,0ecaa5967403d082aa24f35e1b516d23) [PhysX] Initialized MultithreadedTaskDispatcher with 16 workers.
 -> (artifact id: '9d52ef95f2d18f4ca9db8cc045c2cbea') in 0.016328 seconds
Number of updated asset objects reloaded before import = 0
Number of asset objects unloaded after import = 1
========================================================================
Received Import Request.
  Time since last request: 0.000196 seconds.
  path: Assets/Fries and Seagull/Interior 01/Scripts/Audio.cs
  artifactKey: Guid(c81e0e9a198f77a448ae9f28a6a33cc8) Importer(2089858483,0ecaa5967403d082aa24f35e1b516d23)
Start importing Assets/Fries and Seagull/Interior 01/Scripts/Audio.cs using Guid(c81e0e9a198f77a448ae9f28a6a33cc8) Importer(2089858483,0ecaa5967403d082aa24f35e1b516d23) [PhysX] Initialized MultithreadedTaskDispatcher with 16 workers.
 -> (artifact id: 'de7c485e2d0581bf1a21ee9ca204836b') in 0.017773 seconds
Number of updated asset objects reloaded before import = 0
Number of asset objects unloaded after import = 1
========================================================================
Received Import Request.
  Time since last request: 0.000025 seconds.
  path: Assets/Fries and Seagull/Interior 01/Prefabs/Office Chair.prefab
  artifactKey: Guid(4343c522f48efe0438dca65d10544789) Importer(2089858483,0ecaa5967403d082aa24f35e1b516d23)
Start importing Assets/Fries and Seagull/Interior 01/Prefabs/Office Chair.prefab using Guid(4343c522f48efe0438dca65d10544789) Importer(2089858483,0ecaa5967403d082aa24f35e1b516d23) [PhysX] Initialized MultithreadedTaskDispatcher with 16 workers.
 -> (artifact id: 'a33baf6acd92266a0feee4466a1fcf60') in 0.033222 seconds
Number of updated asset objects reloaded before import = 0
Number of asset objects unloaded after import = 95
========================================================================
Received Import Request.
  Time since last request: 0.000023 seconds.
  path: Assets/Fries and Seagull/Interior 01/Prefabs/Keyboard.prefab
  artifactKey: Guid(31c1f2ac232c27f4695e6f60e11290b9) Importer(2089858483,0ecaa5967403d082aa24f35e1b516d23)
Start importing Assets/Fries and Seagull/Interior 01/Prefabs/Keyboard.prefab using Guid(31c1f2ac232c27f4695e6f60e11290b9) Importer(2089858483,0ecaa5967403d082aa24f35e1b516d23) [PhysX] Initialized MultithreadedTaskDispatcher with 16 workers.
 -> (artifact id: '63ccb2b5be28795a28d2acf7fabcc05a') in 0.024387 seconds
Number of updated asset objects reloaded before import = 0
Number of asset objects unloaded after import = 181
========================================================================
Received Import Request.
  Time since last request: 0.000025 seconds.
  path: Assets/Fries and Seagull/Interior 01/Scripts/Setup/Post Processing.prefab
  artifactKey: Guid(0fb6d6eab8824d345a61cefac909ae57) Importer(2089858483,3d70f49cd1c2eb9ae422958d1c652c6b)
Start importing Assets/Fries and Seagull/Interior 01/Scripts/Setup/Post Processing.prefab using Guid(0fb6d6eab8824d345a61cefac909ae57) Importer(2089858483,3d70f49cd1c2eb9ae422958d1c652c6b) [PhysX] Initialized MultithreadedTaskDispatcher with 16 workers.
 -> (artifact id: '5cbc1499255ca525be944fac0de39568') in 0.018769 seconds
Number of updated asset objects reloaded before import = 0
Number of asset objects unloaded after import = 8
========================================================================
Received Import Request.
  Time since last request: 0.000034 seconds.
  path: Assets/Fries and Seagull/Interior 01/Pipelines/Universal Pipeline.unitypackage
  artifactKey: Guid(c6a412c0f904a0b4e973d2598fb1f35d) Importer(2089858483,0ecaa5967403d082aa24f35e1b516d23)
Start importing Assets/Fries and Seagull/Interior 01/Pipelines/Universal Pipeline.unitypackage using Guid(c6a412c0f904a0b4e973d2598fb1f35d) Importer(2089858483,0ecaa5967403d082aa24f35e1b516d23) [PhysX] Initialized MultithreadedTaskDispatcher with 16 workers.
 -> (artifact id: 'd86b5f33ea4b91f8002781ea41c28d5d') in 0.021233 seconds
Number of updated asset objects reloaded before import = 0
Number of asset objects unloaded after import = 1
========================================================================
Received Import Request.
  Time since last request: 0.000040 seconds.
  path: Assets/Fries and Seagull/Interior 01/Prefabs/Power Strip.prefab
  artifactKey: Guid(684f4ff211a920b49a598013f61b6596) Importer(2089858483,0ecaa5967403d082aa24f35e1b516d23)
Start importing Assets/Fries and Seagull/Interior 01/Prefabs/Power Strip.prefab using Guid(684f4ff211a920b49a598013f61b6596) Importer(2089858483,0ecaa5967403d082aa24f35e1b516d23) [PhysX] Initialized MultithreadedTaskDispatcher with 16 workers.
 -> (artifact id: '9f595fb76ad41913f13370e0c8d07016') in 0.025480 seconds
Number of updated asset objects reloaded before import = 0
Number of asset objects unloaded after import = 16
========================================================================
Received Import Request.
  Time since last request: 0.000026 seconds.
  path: Assets/Fries and Seagull/Interior 01/Prefabs/Table 3.prefab
  artifactKey: Guid(0cd68658772698d4b8a443f0de1c54bc) Importer(2089858483,0ecaa5967403d082aa24f35e1b516d23)
Start importing Assets/Fries and Seagull/Interior 01/Prefabs/Table 3.prefab using Guid(0cd68658772698d4b8a443f0de1c54bc) Importer(2089858483,0ecaa5967403d082aa24f35e1b516d23) [PhysX] Initialized MultithreadedTaskDispatcher with 16 workers.
 -> (artifact id: 'c2c74d587de2c2f24a9d2d0a135a2477') in 0.021503 seconds
Number of updated asset objects reloaded before import = 0
Number of asset objects unloaded after import = 9
========================================================================
Received Import Request.
  Time since last request: 0.000025 seconds.
  path: Assets/Fries and Seagull/Interior 01/Prefabs/Clock.prefab
  artifactKey: Guid(d7dce48e404868c46a862ca531fddf3d) Importer(2089858483,3d70f49cd1c2eb9ae422958d1c652c6b)
Start importing Assets/Fries and Seagull/Interior 01/Prefabs/Clock.prefab using Guid(d7dce48e404868c46a862ca531fddf3d) Importer(2089858483,3d70f49cd1c2eb9ae422958d1c652c6b) [PhysX] Initialized MultithreadedTaskDispatcher with 16 workers.
 -> (artifact id: '21a04e0dc8e49d1f65a168e9e4118fe5') in 0.027828 seconds
Number of updated asset objects reloaded before import = 0
Number of asset objects unloaded after import = 38
========================================================================
Received Import Request.
  Time since last request: 0.000024 seconds.
  path: Assets/Settings/SampleSceneProfile.asset
  artifactKey: Guid(a6560a915ef98420e9faacc1c7438823) Importer(2089858483,0ecaa5967403d082aa24f35e1b516d23)
Start importing Assets/Settings/SampleSceneProfile.asset using Guid(a6560a915ef98420e9faacc1c7438823) Importer(2089858483,0ecaa5967403d082aa24f35e1b516d23) [PhysX] Initialized MultithreadedTaskDispatcher with 16 workers.
 -> (artifact id: '3d6bde2ae2836a27121347270b9ceefe') in 0.026208 seconds
Number of updated asset objects reloaded before import = 0
Number of asset objects unloaded after import = 4
========================================================================
Received Import Request.
  Time since last request: 0.000023 seconds.
  path: Assets/TutorialInfo/Layout.wlt
  artifactKey: Guid(eabc9546105bf4accac1fd62a63e88e6) Importer(2089858483,0ecaa5967403d082aa24f35e1b516d23)
Start importing Assets/TutorialInfo/Layout.wlt using Guid(eabc9546105bf4accac1fd62a63e88e6) Importer(2089858483,0ecaa5967403d082aa24f35e1b516d23) [PhysX] Initialized MultithreadedTaskDispatcher with 16 workers.
 -> (artifact id: 'be48bc24304a9285a8948c2633ce1ad0') in 0.021009 seconds
Number of updated asset objects reloaded before import = 0
Number of asset objects unloaded after import = 1
========================================================================
Received Import Request.
  Time since last request: 0.000029 seconds.
  path: Assets/Fries and Seagull/Interior 01/Scripts/Setup/URP Volume.asset
  artifactKey: Guid(3b221f398ea35b8458c7d181ab128d13) Importer(2089858483,0ecaa5967403d082aa24f35e1b516d23)
Start importing Assets/Fries and Seagull/Interior 01/Scripts/Setup/URP Volume.asset using Guid(3b221f398ea35b8458c7d181ab128d13) Importer(2089858483,0ecaa5967403d082aa24f35e1b516d23) [PhysX] Initialized MultithreadedTaskDispatcher with 16 workers.
 -> (artifact id: '2929d85ec717c30620688212bff03dc6') in 0.019422 seconds
Number of updated asset objects reloaded before import = 0
Number of asset objects unloaded after import = 2
========================================================================
Received Import Request.
  Time since last request: 0.000035 seconds.
  path: Assets/Fries and Seagull/Interior 01/Prefabs/Suitcase.prefab
  artifactKey: Guid(8a26cc9a385595b40a0c16afeac032fd) Importer(2089858483,3d70f49cd1c2eb9ae422958d1c652c6b)
Start importing Assets/Fries and Seagull/Interior 01/Prefabs/Suitcase.prefab using Guid(8a26cc9a385595b40a0c16afeac032fd) Importer(2089858483,3d70f49cd1c2eb9ae422958d1c652c6b) [PhysX] Initialized MultithreadedTaskDispatcher with 16 workers.
 -> (artifact id: '858563e2448a45efd73b76f1985d9311') in 0.021562 seconds
Number of updated asset objects reloaded before import = 0
Number of asset objects unloaded after import = 77
========================================================================
Received Import Request.
  Time since last request: 0.000050 seconds.
  path: Assets/Fries and Seagull/Interior 01/Prefabs/Air Conditioner Int. Wireless.prefab
  artifactKey: Guid(16c4aff8b3513c24c9462cbf6a2f8ee7) Importer(2089858483,3d70f49cd1c2eb9ae422958d1c652c6b)
Start importing Assets/Fries and Seagull/Interior 01/Prefabs/Air Conditioner Int. Wireless.prefab using Guid(16c4aff8b3513c24c9462cbf6a2f8ee7) Importer(2089858483,3d70f49cd1c2eb9ae422958d1c652c6b) [PhysX] Initialized MultithreadedTaskDispatcher with 16 workers.
 -> (artifact id: 'f2e8ed1963b3ad0e8e0589d12bd65c4b') in 0.022946 seconds
Number of updated asset objects reloaded before import = 0
Number of asset objects unloaded after import = 62
========================================================================
Received Import Request.
  Time since last request: 0.002550 seconds.
  path: Assets/Settings/URP-Performant.asset
  artifactKey: Guid(d0e2fc18fe036412f8223b3b3d9ad574) Importer(2089858483,3d70f49cd1c2eb9ae422958d1c652c6b)
Start importing Assets/Settings/URP-Performant.asset using Guid(d0e2fc18fe036412f8223b3b3d9ad574) Importer(2089858483,3d70f49cd1c2eb9ae422958d1c652c6b) [PhysX] Initialized MultithreadedTaskDispatcher with 16 workers.
 -> (artifact id: 'affece3024e14604d9b376b282aa1cc4') in 0.021947 seconds
Number of updated asset objects reloaded before import = 0
Number of asset objects unloaded after import = 1
========================================================================
Received Import Request.
  Time since last request: 0.006192 seconds.
  path: Assets/Fries and Seagull/Interior 01/Models/Ceilling Light.fbx
  artifactKey: Guid(306843bc4279b5749aefdc82a24f0a00) Importer(2089858483,0ecaa5967403d082aa24f35e1b516d23)
Start importing Assets/Fries and Seagull/Interior 01/Models/Ceilling Light.fbx using Guid(306843bc4279b5749aefdc82a24f0a00) Importer(2089858483,0ecaa5967403d082aa24f35e1b516d23) [PhysX] Initialized MultithreadedTaskDispatcher with 16 workers.
 -> (artifact id: '6f2afbcc4e08b783af20481f5ee7a6ae') in 0.046959 seconds
Number of updated asset objects reloaded before import = 0
Number of asset objects unloaded after import = 17
========================================================================
Received Import Request.
  Time since last request: 0.000022 seconds.
  path: Assets/Settings/URP-Balanced.asset
  artifactKey: Guid(e1260c1148f6143b28bae5ace5e9c5d1) Importer(2089858483,3d70f49cd1c2eb9ae422958d1c652c6b)
Start importing Assets/Settings/URP-Balanced.asset using Guid(e1260c1148f6143b28bae5ace5e9c5d1) Importer(2089858483,3d70f49cd1c2eb9ae422958d1c652c6b) [PhysX] Initialized MultithreadedTaskDispatcher with 16 workers.
 -> (artifact id: 'ff4d3041c75e6f12b66035da7e1f8c3a') in 0.020384 seconds
Number of updated asset objects reloaded before import = 0
Number of asset objects unloaded after import = 2
========================================================================
Received Import Request.
  Time since last request: 0.000019 seconds.
  path: Assets/Fries and Seagull/Interior 01/BRP Sample Scene.unity
  artifactKey: Guid(923d0fdfeea77274ca966167e1470f7e) Importer(2089858483,0ecaa5967403d082aa24f35e1b516d23)
Start importing Assets/Fries and Seagull/Interior 01/BRP Sample Scene.unity using Guid(923d0fdfeea77274ca966167e1470f7e) Importer(2089858483,0ecaa5967403d082aa24f35e1b516d23) [PhysX] Initialized MultithreadedTaskDispatcher with 16 workers.
 -> (artifact id: 'cfe580f6e04a41b73042eb0362a88c39') in 0.020219 seconds
Number of updated asset objects reloaded before import = 0
Number of asset objects unloaded after import = 1
========================================================================
Received Import Request.
  Time since last request: 0.000023 seconds.
  path: Assets/Fries and Seagull/Interior 01/Prefabs/Bookshelf.prefab
  artifactKey: Guid(abce6bc9b2912fb4f8dfb72a63760fee) Importer(2089858483,3d70f49cd1c2eb9ae422958d1c652c6b)
Start importing Assets/Fries and Seagull/Interior 01/Prefabs/Bookshelf.prefab using Guid(abce6bc9b2912fb4f8dfb72a63760fee) Importer(2089858483,3d70f49cd1c2eb9ae422958d1c652c6b) [PhysX] Initialized MultithreadedTaskDispatcher with 16 workers.
 -> (artifact id: '70ab8c5e5f9f275d5ac84298b3163bed') in 0.019251 seconds
Number of updated asset objects reloaded before import = 0
Number of asset objects unloaded after import = 20
========================================================================
Received Import Request.
  Time since last request: 0.000024 seconds.
  path: Assets/Fries and Seagull/Interior 01/Prefabs/Table 2.prefab
  artifactKey: Guid(503151dd7b8b91141a7f119d0090bbe6) Importer(2089858483,0ecaa5967403d082aa24f35e1b516d23)
Start importing Assets/Fries and Seagull/Interior 01/Prefabs/Table 2.prefab using Guid(503151dd7b8b91141a7f119d0090bbe6) Importer(2089858483,0ecaa5967403d082aa24f35e1b516d23) [PhysX] Initialized MultithreadedTaskDispatcher with 16 workers.
 -> (artifact id: 'e09bf8b17f5caeae9cb53659e7fa11ba') in 0.023461 seconds
Number of updated asset objects reloaded before import = 0
Number of asset objects unloaded after import = 14
========================================================================
Received Import Request.
  Time since last request: 0.000030 seconds.
  path: Assets/Fries and Seagull/Interior 01/Prefabs/Books.prefab
  artifactKey: Guid(5fbbb350580e54a428cb4ddbc42369ff) Importer(2089858483,0ecaa5967403d082aa24f35e1b516d23)
Start importing Assets/Fries and Seagull/Interior 01/Prefabs/Books.prefab using Guid(5fbbb350580e54a428cb4ddbc42369ff) Importer(2089858483,0ecaa5967403d082aa24f35e1b516d23) [PhysX] Initialized MultithreadedTaskDispatcher with 16 workers.
 -> (artifact id: '02213002fa63df931a3fcc4a1acc52aa') in 0.021856 seconds
Number of updated asset objects reloaded before import = 0
Number of asset objects unloaded after import = 65
========================================================================
Received Import Request.
  Time since last request: 0.000020 seconds.
  path: Assets/Fries and Seagull/Interior 01/Models/Paper Bag.fbx
  artifactKey: Guid(b2df0d39db24e3d4593231e3944fb8d8) Importer(2089858483,0ecaa5967403d082aa24f35e1b516d23)
Start importing Assets/Fries and Seagull/Interior 01/Models/Paper Bag.fbx using Guid(b2df0d39db24e3d4593231e3944fb8d8) Importer(2089858483,0ecaa5967403d082aa24f35e1b516d23) [PhysX] Initialized MultithreadedTaskDispatcher with 16 workers.
 -> (artifact id: 'ac6ed3ffad198a6dd6f3ae19308d42e9') in 0.033947 seconds
Number of updated asset objects reloaded before import = 0
Number of asset objects unloaded after import = 19
========================================================================
Received Import Request.
  Time since last request: 0.000020 seconds.
  path: Assets/Fries and Seagull/Interior 01/Prefabs/Curtain.prefab
  artifactKey: Guid(8ec665a2cb116224780abac5683d81ab) Importer(2089858483,3d70f49cd1c2eb9ae422958d1c652c6b)
Start importing Assets/Fries and Seagull/Interior 01/Prefabs/Curtain.prefab using Guid(8ec665a2cb116224780abac5683d81ab) Importer(2089858483,3d70f49cd1c2eb9ae422958d1c652c6b) [PhysX] Initialized MultithreadedTaskDispatcher with 16 workers.
 -> (artifact id: '98f45b73ad41e3919d7f88c75ec5b19a') in 0.019886 seconds
Number of updated asset objects reloaded before import = 0
Number of asset objects unloaded after import = 38
========================================================================
Received Import Request.
  Time since last request: 0.000026 seconds.
  path: Assets/Fries and Seagull/Interior 01/Prefabs/Computer Case.prefab
  artifactKey: Guid(04f08f292eba51c42b3221947ffc83bb) Importer(2089858483,0ecaa5967403d082aa24f35e1b516d23)
Start importing Assets/Fries and Seagull/Interior 01/Prefabs/Computer Case.prefab using Guid(04f08f292eba51c42b3221947ffc83bb) Importer(2089858483,0ecaa5967403d082aa24f35e1b516d23) [PhysX] Initialized MultithreadedTaskDispatcher with 16 workers.
 -> (artifact id: '5d7fa8b7df4e618499fa759bc8d0b504') in 0.022136 seconds
Number of updated asset objects reloaded before import = 0
Number of asset objects unloaded after import = 22
========================================================================
Received Import Request.
  Time since last request: 0.002960 seconds.
  path: Assets/Fries and Seagull/Interior 01/Prefabs/Clock.prefab
  artifactKey: Guid(d7dce48e404868c46a862ca531fddf3d) Importer(2089858483,0ecaa5967403d082aa24f35e1b516d23)
Start importing Assets/Fries and Seagull/Interior 01/Prefabs/Clock.prefab using Guid(d7dce48e404868c46a862ca531fddf3d) Importer(2089858483,0ecaa5967403d082aa24f35e1b516d23) [PhysX] Initialized MultithreadedTaskDispatcher with 16 workers.
 -> (artifact id: '77f301be74412c680c4d3d56bf54e53a') in 0.021374 seconds
Number of updated asset objects reloaded before import = 0
Number of asset objects unloaded after import = 22
========================================================================
Received Import Request.
  Time since last request: 0.012937 seconds.
  path: Assets/Fries and Seagull/Interior 01/Effect/Fan Run.anim
  artifactKey: Guid(a8f61185bcb0c074498df8f8d1c2832e) Importer(2089858483,0ecaa5967403d082aa24f35e1b516d23)
Start importing Assets/Fries and Seagull/Interior 01/Effect/Fan Run.anim using Guid(a8f61185bcb0c074498df8f8d1c2832e) Importer(2089858483,0ecaa5967403d082aa24f35e1b516d23) [PhysX] Initialized MultithreadedTaskDispatcher with 16 workers.
 -> (artifact id: '087dc5c2fa13a0d063a7a6eab0f9db97') in 0.022274 seconds
Number of updated asset objects reloaded before import = 0
Number of asset objects unloaded after import = 1
========================================================================
Received Import Request.
  Time since last request: 0.000023 seconds.
  path: Assets/Fries and Seagull/Interior 01/Prefabs/Hook.prefab
  artifactKey: Guid(7de0c19ef8acace4892b5f8c8847bfda) Importer(2089858483,3d70f49cd1c2eb9ae422958d1c652c6b)
Start importing Assets/Fries and Seagull/Interior 01/Prefabs/Hook.prefab using Guid(7de0c19ef8acace4892b5f8c8847bfda) Importer(2089858483,3d70f49cd1c2eb9ae422958d1c652c6b) [PhysX] Initialized MultithreadedTaskDispatcher with 16 workers.
 -> (artifact id: '7a1267681c62f9e64adb8517720abe25') in 0.015394 seconds
Number of updated asset objects reloaded before import = 0
Number of asset objects unloaded after import = 20
========================================================================
Received Import Request.
  Time since last request: 0.000032 seconds.
  path: Assets/Settings/URP-Performant-Renderer.asset
  artifactKey: Guid(707360a9c581a4bd7aa53bfeb1429f71) Importer(2089858483,3d70f49cd1c2eb9ae422958d1c652c6b)
Start importing Assets/Settings/URP-Performant-Renderer.asset using Guid(707360a9c581a4bd7aa53bfeb1429f71) Importer(2089858483,3d70f49cd1c2eb9ae422958d1c652c6b) [PhysX] Initialized MultithreadedTaskDispatcher with 16 workers.
 -> (artifact id: 'fc3c14537c6e79e18d1486f0c10778f2') in 0.017376 seconds
Number of updated asset objects reloaded before import = 0
Number of asset objects unloaded after import = 0
========================================================================
Received Import Request.
  Time since last request: 0.000020 seconds.
  path: Assets/Fries and Seagull/Interior 01/Effect/Wind Stripe.prefab
  artifactKey: Guid(53c8bc65bc621c346af1fccc154a5ce7) Importer(2089858483,0ecaa5967403d082aa24f35e1b516d23)
Start importing Assets/Fries and Seagull/Interior 01/Effect/Wind Stripe.prefab using Guid(53c8bc65bc621c346af1fccc154a5ce7) Importer(2089858483,0ecaa5967403d082aa24f35e1b516d23) [PhysX] Initialized MultithreadedTaskDispatcher with 16 workers.
 -> (artifact id: 'cabc7ba1adbcc5fd9b82c0b822c9980f') in 0.092346 seconds
Number of updated asset objects reloaded before import = 0
Number of asset objects unloaded after import = 6
========================================================================
Received Import Request.
  Time since last request: 0.000020 seconds.
  path: Assets/Fries and Seagull/Interior 01/Prefabs/Table Lamp.prefab
  artifactKey: Guid(c38536f0af05de541bcd30236afe6d72) Importer(2089858483,0ecaa5967403d082aa24f35e1b516d23)
Start importing Assets/Fries and Seagull/Interior 01/Prefabs/Table Lamp.prefab using Guid(c38536f0af05de541bcd30236afe6d72) Importer(2089858483,0ecaa5967403d082aa24f35e1b516d23) [PhysX] Initialized MultithreadedTaskDispatcher with 16 workers.
 -> (artifact id: 'c15b6948367be80e28386d417c4a5a69') in 0.016602 seconds
Number of updated asset objects reloaded before import = 0
Number of asset objects unloaded after import = 17
========================================================================
Received Import Request.
  Time since last request: 0.000021 seconds.
  path: Assets/Fries and Seagull/Interior 01/Prefabs/Computer Mouse Pack.prefab
  artifactKey: Guid(ac687bfd5e89c7a459eaa2e48e1fe8f9) Importer(2089858483,3d70f49cd1c2eb9ae422958d1c652c6b)
Start importing Assets/Fries and Seagull/Interior 01/Prefabs/Computer Mouse Pack.prefab using Guid(ac687bfd5e89c7a459eaa2e48e1fe8f9) Importer(2089858483,3d70f49cd1c2eb9ae422958d1c652c6b) [PhysX] Initialized MultithreadedTaskDispatcher with 16 workers.
 -> (artifact id: '8dd699d0fd7c8ebfb55af8df04e01e35') in 0.018693 seconds
Number of updated asset objects reloaded before import = 0
Number of asset objects unloaded after import = 44
========================================================================
Received Import Request.
  Time since last request: 0.000020 seconds.
  path: Assets/Fries and Seagull/Interior 01/Prefabs/Bed.prefab
  artifactKey: Guid(b0ced93e76c40874289af69ac2c9df09) Importer(2089858483,0ecaa5967403d082aa24f35e1b516d23)
Start importing Assets/Fries and Seagull/Interior 01/Prefabs/Bed.prefab using Guid(b0ced93e76c40874289af69ac2c9df09) Importer(2089858483,0ecaa5967403d082aa24f35e1b516d23) [PhysX] Initialized MultithreadedTaskDispatcher with 16 workers.
 -> (artifact id: 'fc80989fc1172e48bbffc8d0020a8a6e') in 0.024709 seconds
Number of updated asset objects reloaded before import = 0
Number of asset objects unloaded after import = 58
========================================================================
Received Import Request.
  Time since last request: 0.000022 seconds.
  path: Assets/Fries and Seagull/Interior 01/Scripts/Utility/YureiPostProcessorIdentifier.cs
  artifactKey: Guid(271e60bac2b0415bb4b5d82deb18b713) Importer(2089858483,0ecaa5967403d082aa24f35e1b516d23)
Start importing Assets/Fries and Seagull/Interior 01/Scripts/Utility/YureiPostProcessorIdentifier.cs using Guid(271e60bac2b0415bb4b5d82deb18b713) Importer(2089858483,0ecaa5967403d082aa24f35e1b516d23) [PhysX] Initialized MultithreadedTaskDispatcher with 16 workers.
 -> (artifact id: '1401a8ad54b9275f1004734e7332b92a') in 0.016283 seconds
Number of updated asset objects reloaded before import = 0
Number of asset objects unloaded after import = 1
========================================================================
Received Import Request.
  Time since last request: 0.000030 seconds.
  path: Assets/Fries and Seagull/Interior 01/Prefabs/Bookcase.prefab
  artifactKey: Guid(c61575ace280f784396126ef01cb7e97) Importer(2089858483,0ecaa5967403d082aa24f35e1b516d23)
Start importing Assets/Fries and Seagull/Interior 01/Prefabs/Bookcase.prefab using Guid(c61575ace280f784396126ef01cb7e97) Importer(2089858483,0ecaa5967403d082aa24f35e1b516d23) [PhysX] Initialized MultithreadedTaskDispatcher with 16 workers.
 -> (artifact id: '96e05d6e35173275ff23a3efd042dce8') in 0.018626 seconds
Number of updated asset objects reloaded before import = 0
Number of asset objects unloaded after import = 11
========================================================================
Received Import Request.
  Time since last request: 0.000022 seconds.
  path: Assets/Settings/URP-HighFidelity.asset
  artifactKey: Guid(7b7fd9122c28c4d15b667c7040e3b3fd) Importer(2089858483,0ecaa5967403d082aa24f35e1b516d23)
Start importing Assets/Settings/URP-HighFidelity.asset using Guid(7b7fd9122c28c4d15b667c7040e3b3fd) Importer(2089858483,0ecaa5967403d082aa24f35e1b516d23) [PhysX] Initialized MultithreadedTaskDispatcher with 16 workers.
 -> (artifact id: '8d3f58a6909e2258c5c3400ff56ba62e') in 0.028914 seconds
Number of updated asset objects reloaded before import = 0
Number of asset objects unloaded after import = 1
========================================================================
Received Import Request.
  Time since last request: 0.000020 seconds.
  path: Assets/Fries and Seagull/Interior 01/Prefabs/Table 3.prefab
  artifactKey: Guid(0cd68658772698d4b8a443f0de1c54bc) Importer(2089858483,3d70f49cd1c2eb9ae422958d1c652c6b)
Start importing Assets/Fries and Seagull/Interior 01/Prefabs/Table 3.prefab using Guid(0cd68658772698d4b8a443f0de1c54bc) Importer(2089858483,3d70f49cd1c2eb9ae422958d1c652c6b) [PhysX] Initialized MultithreadedTaskDispatcher with 16 workers.
 -> (artifact id: '793f0a00b65c4203205caaefb3bbebf6') in 0.017580 seconds
Number of updated asset objects reloaded before import = 0
Number of asset objects unloaded after import = 16
========================================================================
Received Import Request.
  Time since last request: 0.000020 seconds.
  path: Assets/Fries and Seagull/Interior 01/Scripts/Setup/BrpSetup.cs
  artifactKey: Guid(5bca79f99e954629b3ddd4090c7a0247) Importer(2089858483,0ecaa5967403d082aa24f35e1b516d23)
Start importing Assets/Fries and Seagull/Interior 01/Scripts/Setup/BrpSetup.cs using Guid(5bca79f99e954629b3ddd4090c7a0247) Importer(2089858483,0ecaa5967403d082aa24f35e1b516d23) [PhysX] Initialized MultithreadedTaskDispatcher with 16 workers.
 -> (artifact id: '4d9bf1e5c4bcc796b77d7e6433942c8e') in 0.017122 seconds
Number of updated asset objects reloaded before import = 0
Number of asset objects unloaded after import = 1
========================================================================
Received Import Request.
  Time since last request: 0.000019 seconds.
  path: Assets/Fries and Seagull/Interior 01/Scripts/Setup/Post Processing.prefab
  artifactKey: Guid(0fb6d6eab8824d345a61cefac909ae57) Importer(2089858483,0ecaa5967403d082aa24f35e1b516d23)
Start importing Assets/Fries and Seagull/Interior 01/Scripts/Setup/Post Processing.prefab using Guid(0fb6d6eab8824d345a61cefac909ae57) Importer(2089858483,0ecaa5967403d082aa24f35e1b516d23) [PhysX] Initialized MultithreadedTaskDispatcher with 16 workers.
 -> (artifact id: '690e16132c2239788d1616e117788980') in 0.023544 seconds
Number of updated asset objects reloaded before import = 0
Number of asset objects unloaded after import = 8
========================================================================
Received Import Request.
  Time since last request: 0.000023 seconds.
  path: Assets/Fries and Seagull/Interior 01/Models/Small Chair.fbx
  artifactKey: Guid(edeab029b99fb694e8c5e09947092ce5) Importer(2089858483,0ecaa5967403d082aa24f35e1b516d23)
Start importing Assets/Fries and Seagull/Interior 01/Models/Small Chair.fbx using Guid(edeab029b99fb694e8c5e09947092ce5) Importer(2089858483,0ecaa5967403d082aa24f35e1b516d23) [PhysX] Initialized MultithreadedTaskDispatcher with 16 workers.
 -> (artifact id: 'e9147a72120600ecd80def3d3b2a3536') in 0.025631 seconds
Number of updated asset objects reloaded before import = 0
Number of asset objects unloaded after import = 8
========================================================================
Received Import Request.
  Time since last request: 0.000021 seconds.
  path: Assets/Fries and Seagull/Interior 01/URP Sample Scene.unity
  artifactKey: Guid(04ea2f8cf37556249884c0414b134502) Importer(2089858483,3d70f49cd1c2eb9ae422958d1c652c6b)
Start importing Assets/Fries and Seagull/Interior 01/URP Sample Scene.unity using Guid(04ea2f8cf37556249884c0414b134502) Importer(2089858483,3d70f49cd1c2eb9ae422958d1c652c6b) [PhysX] Initialized MultithreadedTaskDispatcher with 16 workers.
Opening scene 'Assets/Fries and Seagull/Interior 01/URP Sample Scene.unity additively'
Loaded scene 'Assets/Fries and Seagull/Interior 01/URP Sample Scene.unity'
	Deserialize:            4.603 ms
	Integration:            69.641 ms
	Integration of assets:  0.109 ms
	Thread Wait Time:       0.011 ms
	Total Operation Time:   74.364 ms
 -> (artifact id: '94c0b5d6f880745412cc4d8024db3ac9') in 0.204651 seconds
Number of updated asset objects reloaded before import = 0
Number of asset objects unloaded after import = 1426
========================================================================
Received Import Request.
  Time since last request: 0.000029 seconds.
  path: Assets/Fries and Seagull/Interior 01/Scripts/Setup/Post Processing Profile.asset
  artifactKey: Guid(38e622b672e9ee249b1c563179c1e78c) Importer(2089858483,3d70f49cd1c2eb9ae422958d1c652c6b)
Start importing Assets/Fries and Seagull/Interior 01/Scripts/Setup/Post Processing Profile.asset using Guid(38e622b672e9ee249b1c563179c1e78c) Importer(2089858483,3d70f49cd1c2eb9ae422958d1c652c6b) [PhysX] Initialized MultithreadedTaskDispatcher with 16 workers.
 -> (artifact id: '3f97551d7f6e7b370e22ead2f89278b9') in 0.017854 seconds
Number of updated asset objects reloaded before import = 0
Number of asset objects unloaded after import = 1
========================================================================
Received Import Request.
  Time since last request: 0.000028 seconds.
  path: Assets/Fries and Seagull/Interior 01/Materials/Materials/Table 3.mat
  artifactKey: Guid(0e1315befd6edb446a975c293fb26a11) Importer(2089858483,0ecaa5967403d082aa24f35e1b516d23)
Start importing Assets/Fries and Seagull/Interior 01/Materials/Materials/Table 3.mat using Guid(0e1315befd6edb446a975c293fb26a11) Importer(2089858483,0ecaa5967403d082aa24f35e1b516d23) [PhysX] Initialized MultithreadedTaskDispatcher with 16 workers.
 -> (artifact id: '911471e2fdbd351f9f2632c7866826c6') in 0.019454 seconds
Number of updated asset objects reloaded before import = 0
Number of asset objects unloaded after import = 2
========================================================================
Received Import Request.
  Time since last request: 0.000038 seconds.
  path: Assets/Fries and Seagull/Interior 01/Models/Audio.fbx
  artifactKey: Guid(604f2b5c6d67f074daa2da581a9c261a) Importer(2089858483,0ecaa5967403d082aa24f35e1b516d23)
Start importing Assets/Fries and Seagull/Interior 01/Models/Audio.fbx using Guid(604f2b5c6d67f074daa2da581a9c261a) Importer(2089858483,0ecaa5967403d082aa24f35e1b516d23) [PhysX] Initialized MultithreadedTaskDispatcher with 16 workers.
 -> (artifact id: '98a3f8548646435aab6cdf05258c4ab8') in 0.031291 seconds
Number of updated asset objects reloaded before import = 0
Number of asset objects unloaded after import = 9
========================================================================
Received Import Request.
  Time since last request: 0.000023 seconds.
  path: Assets/Fries and Seagull/Interior 01/Prefabs/Paper.prefab
  artifactKey: Guid(fb008f8b2bc8e2b47a1b971a0755760d) Importer(2089858483,3d70f49cd1c2eb9ae422958d1c652c6b)
Start importing Assets/Fries and Seagull/Interior 01/Prefabs/Paper.prefab using Guid(fb008f8b2bc8e2b47a1b971a0755760d) Importer(2089858483,3d70f49cd1c2eb9ae422958d1c652c6b) [PhysX] Initialized MultithreadedTaskDispatcher with 16 workers.
 -> (artifact id: '093a377f655b5c7115cc72859138c43a') in 0.016399 seconds
Number of updated asset objects reloaded before import = 0
Number of asset objects unloaded after import = 37
========================================================================
Received Import Request.
  Time since last request: 0.000022 seconds.
  path: Assets/Fries and Seagull/Interior 01/Models/Air Conditioner Ext.fbx
  artifactKey: Guid(cac7ea9156d200c49a513265b953f9aa) Importer(2089858483,0ecaa5967403d082aa24f35e1b516d23)
Start importing Assets/Fries and Seagull/Interior 01/Models/Air Conditioner Ext.fbx using Guid(cac7ea9156d200c49a513265b953f9aa) Importer(2089858483,0ecaa5967403d082aa24f35e1b516d23) [PhysX] Initialized MultithreadedTaskDispatcher with 16 workers.
 -> (artifact id: '25358baef6d76a025a8e959f21fd81b2') in 0.041147 seconds
Number of updated asset objects reloaded before import = 0
Number of asset objects unloaded after import = 30
========================================================================
Received Import Request.
  Time since last request: 0.000020 seconds.
  path: Assets/Fries and Seagull/Interior 01/Scripts/DeskLamp.cs
  artifactKey: Guid(bbaf6b157fd14363942a6d7029dcd696) Importer(2089858483,0ecaa5967403d082aa24f35e1b516d23)
Start importing Assets/Fries and Seagull/Interior 01/Scripts/DeskLamp.cs using Guid(bbaf6b157fd14363942a6d7029dcd696) Importer(2089858483,0ecaa5967403d082aa24f35e1b516d23) [PhysX] Initialized MultithreadedTaskDispatcher with 16 workers.
 -> (artifact id: '13d007c5f19f3821134785cbfe40d7bf') in 0.016497 seconds
Number of updated asset objects reloaded before import = 0
Number of asset objects unloaded after import = 1
========================================================================
Received Import Request.
  Time since last request: 0.000025 seconds.
  path: Assets/Fries and Seagull/Interior 01/Prefabs/Keyboard.prefab
  artifactKey: Guid(31c1f2ac232c27f4695e6f60e11290b9) Importer(2089858483,3d70f49cd1c2eb9ae422958d1c652c6b)
Start importing Assets/Fries and Seagull/Interior 01/Prefabs/Keyboard.prefab using Guid(31c1f2ac232c27f4695e6f60e11290b9) Importer(2089858483,3d70f49cd1c2eb9ae422958d1c652c6b) [PhysX] Initialized MultithreadedTaskDispatcher with 16 workers.
 -> (artifact id: '3425544963a2322dd56573a925991f23') in 0.033495 seconds
Number of updated asset objects reloaded before import = 0
Number of asset objects unloaded after import = 326
========================================================================
Received Import Request.
  Time since last request: 0.000024 seconds.
  path: Assets/Fries and Seagull/Interior 01/Prefabs/Phone With Charger.prefab
  artifactKey: Guid(966bae85eeb46904894caa00ee8622f8) Importer(2089858483,0ecaa5967403d082aa24f35e1b516d23)
Start importing Assets/Fries and Seagull/Interior 01/Prefabs/Phone With Charger.prefab using Guid(966bae85eeb46904894caa00ee8622f8) Importer(2089858483,0ecaa5967403d082aa24f35e1b516d23) [PhysX] Initialized MultithreadedTaskDispatcher with 16 workers.
 -> (artifact id: '1b90fb78330d1587cd0a3000b2fe4cdc') in 0.023518 seconds
Number of updated asset objects reloaded before import = 0
Number of asset objects unloaded after import = 29
========================================================================
Received Import Request.
  Time since last request: 0.000032 seconds.
  path: Assets/Fries and Seagull/Interior 01/Prefabs/Pen Container.prefab
  artifactKey: Guid(8b529028f4d278c4c8a8aa58101f0008) Importer(2089858483,3d70f49cd1c2eb9ae422958d1c652c6b)
Start importing Assets/Fries and Seagull/Interior 01/Prefabs/Pen Container.prefab using Guid(8b529028f4d278c4c8a8aa58101f0008) Importer(2089858483,3d70f49cd1c2eb9ae422958d1c652c6b) [PhysX] Initialized MultithreadedTaskDispatcher with 16 workers.
 -> (artifact id: 'e89fe23c0f9ac6283370315532fd0c0c') in 0.018086 seconds
Number of updated asset objects reloaded before import = 0
Number of asset objects unloaded after import = 47
========================================================================
Received Import Request.
  Time since last request: 0.000022 seconds.
  path: Assets/Fries and Seagull/Interior 01/Prefabs/Computer Case.prefab
  artifactKey: Guid(04f08f292eba51c42b3221947ffc83bb) Importer(2089858483,3d70f49cd1c2eb9ae422958d1c652c6b)
Start importing Assets/Fries and Seagull/Interior 01/Prefabs/Computer Case.prefab using Guid(04f08f292eba51c42b3221947ffc83bb) Importer(2089858483,3d70f49cd1c2eb9ae422958d1c652c6b) [PhysX] Initialized MultithreadedTaskDispatcher with 16 workers.
 -> (artifact id: '189078fcc9eca05d2066569246f9e2f5') in 0.018491 seconds
Number of updated asset objects reloaded before import = 0
Number of asset objects unloaded after import = 39
========================================================================
Received Import Request.
  Time since last request: 0.000020 seconds.
  path: Assets/Fries and Seagull/Interior 01/Prefabs/Table Lamp.prefab
  artifactKey: Guid(c38536f0af05de541bcd30236afe6d72) Importer(2089858483,3d70f49cd1c2eb9ae422958d1c652c6b)
Start importing Assets/Fries and Seagull/Interior 01/Prefabs/Table Lamp.prefab using Guid(c38536f0af05de541bcd30236afe6d72) Importer(2089858483,3d70f49cd1c2eb9ae422958d1c652c6b) [PhysX] Initialized MultithreadedTaskDispatcher with 16 workers.
 -> (artifact id: 'e6d046d1ee896a5e5e8a38cf1d0ddf11') in 0.016636 seconds
Number of updated asset objects reloaded before import = 0
Number of asset objects unloaded after import = 20
========================================================================
Received Import Request.
  Time since last request: 0.000020 seconds.
  path: Assets/Fries and Seagull/Interior 01/Prefabs/Bookcase Dividers.prefab
  artifactKey: Guid(5791aaf643067fc4b9091ba6f64cda21) Importer(2089858483,3d70f49cd1c2eb9ae422958d1c652c6b)
Start importing Assets/Fries and Seagull/Interior 01/Prefabs/Bookcase Dividers.prefab using Guid(5791aaf643067fc4b9091ba6f64cda21) Importer(2089858483,3d70f49cd1c2eb9ae422958d1c652c6b) [PhysX] Initialized MultithreadedTaskDispatcher with 16 workers.
 -> (artifact id: '4999074cafa4f29e9efc3bd419e7a02e') in 0.016603 seconds
Number of updated asset objects reloaded before import = 0
Number of asset objects unloaded after import = 54
========================================================================
Received Import Request.
  Time since last request: 0.000019 seconds.
  path: Assets/Fries and Seagull/Interior 01/Prefabs/Backpack.prefab
  artifactKey: Guid(c66cf9cc42a8a5248975379bfb94eb29) Importer(2089858483,0ecaa5967403d082aa24f35e1b516d23)
Start importing Assets/Fries and Seagull/Interior 01/Prefabs/Backpack.prefab using Guid(c66cf9cc42a8a5248975379bfb94eb29) Importer(2089858483,0ecaa5967403d082aa24f35e1b516d23) [PhysX] Initialized MultithreadedTaskDispatcher with 16 workers.
 -> (artifact id: 'c2cb3ea8d701430221ba297c21dca8cb') in 0.021192 seconds
Number of updated asset objects reloaded before import = 0
Number of asset objects unloaded after import = 11
========================================================================
Received Import Request.
  Time since last request: 0.000024 seconds.
  path: Assets/Fries and Seagull/Interior 01/Prefabs/Romote Controller.prefab
  artifactKey: Guid(0b620c8ac0b5f56478aefb581e96584c) Importer(2089858483,3d70f49cd1c2eb9ae422958d1c652c6b)
Start importing Assets/Fries and Seagull/Interior 01/Prefabs/Romote Controller.prefab using Guid(0b620c8ac0b5f56478aefb581e96584c) Importer(2089858483,3d70f49cd1c2eb9ae422958d1c652c6b) [PhysX] Initialized MultithreadedTaskDispatcher with 16 workers.
 -> (artifact id: '21cd62319124a389100a0074f4d9975f') in 0.017046 seconds
Number of updated asset objects reloaded before import = 0
Number of asset objects unloaded after import = 20
========================================================================
Received Import Request.
  Time since last request: 0.000021 seconds.
  path: Assets/Fries and Seagull/Interior 01/Models/Bookcase Parts.fbx
  artifactKey: Guid(8cd2f50e47a71f146a013a950fe4ba59) Importer(2089858483,0ecaa5967403d082aa24f35e1b516d23)
Start importing Assets/Fries and Seagull/Interior 01/Models/Bookcase Parts.fbx using Guid(8cd2f50e47a71f146a013a950fe4ba59) Importer(2089858483,0ecaa5967403d082aa24f35e1b516d23) [PhysX] Initialized MultithreadedTaskDispatcher with 16 workers.
 -> (artifact id: 'b7f62d7827c82f97c31c93270a652cbd') in 0.040309 seconds
Number of updated asset objects reloaded before import = 0
Number of asset objects unloaded after import = 45
========================================================================
Received Import Request.
  Time since last request: 0.000026 seconds.
  path: Assets/Fries and Seagull/Interior 01/Models/Table Lamp.fbx
  artifactKey: Guid(bb4b727003dcaeb4699c4c46ef41ec8e) Importer(2089858483,0ecaa5967403d082aa24f35e1b516d23)
Start importing Assets/Fries and Seagull/Interior 01/Models/Table Lamp.fbx using Guid(bb4b727003dcaeb4699c4c46ef41ec8e) Importer(2089858483,0ecaa5967403d082aa24f35e1b516d23) [PhysX] Initialized MultithreadedTaskDispatcher with 16 workers.
 -> (artifact id: '944714bc6fcad200de9c7349659d7375') in 0.030210 seconds
Number of updated asset objects reloaded before import = 0
Number of asset objects unloaded after import = 9
========================================================================
Received Import Request.
  Time since last request: 0.000030 seconds.
  path: Assets/Settings/URP-HighFidelity.asset
  artifactKey: Guid(7b7fd9122c28c4d15b667c7040e3b3fd) Importer(2089858483,3d70f49cd1c2eb9ae422958d1c652c6b)
Start importing Assets/Settings/URP-HighFidelity.asset using Guid(7b7fd9122c28c4d15b667c7040e3b3fd) Importer(2089858483,3d70f49cd1c2eb9ae422958d1c652c6b) [PhysX] Initialized MultithreadedTaskDispatcher with 16 workers.
 -> (artifact id: '1151f061f1153ea8ef282ad0fa5987c7') in 0.015912 seconds
Number of updated asset objects reloaded before import = 0
Number of asset objects unloaded after import = 0
========================================================================
Received Import Request.
  Time since last request: 0.000037 seconds.
  path: Assets/Settings/URP-Balanced-Renderer.asset
  artifactKey: Guid(e634585d5c4544dd297acaee93dc2beb) Importer(2089858483,0ecaa5967403d082aa24f35e1b516d23)
Start importing Assets/Settings/URP-Balanced-Renderer.asset using Guid(e634585d5c4544dd297acaee93dc2beb) Importer(2089858483,0ecaa5967403d082aa24f35e1b516d23) [PhysX] Initialized MultithreadedTaskDispatcher with 16 workers.
 -> (artifact id: '88ba951261a088252f668d3a07c3435f') in 0.032133 seconds
Number of updated asset objects reloaded before import = 0
Number of asset objects unloaded after import = 2
========================================================================
Received Import Request.
  Time since last request: 0.000021 seconds.
  path: Assets/Fries and Seagull/Interior 01/Models/Curtain.fbx
  artifactKey: Guid(86dc3b1fefb40b74582178777c4aaa0c) Importer(2089858483,0ecaa5967403d082aa24f35e1b516d23)
Start importing Assets/Fries and Seagull/Interior 01/Models/Curtain.fbx using Guid(86dc3b1fefb40b74582178777c4aaa0c) Importer(2089858483,0ecaa5967403d082aa24f35e1b516d23) [PhysX] Initialized MultithreadedTaskDispatcher with 16 workers.
 -> (artifact id: '83080969184e3ae421fb4e9431d11db9') in 0.028824 seconds
Number of updated asset objects reloaded before import = 0
Number of asset objects unloaded after import = 21
========================================================================
Received Import Request.
  Time since last request: 0.000031 seconds.
  path: Assets/Fries and Seagull/Interior 01/Prefabs/Hook.prefab
  artifactKey: Guid(7de0c19ef8acace4892b5f8c8847bfda) Importer(2089858483,0ecaa5967403d082aa24f35e1b516d23)
Start importing Assets/Fries and Seagull/Interior 01/Prefabs/Hook.prefab using Guid(7de0c19ef8acace4892b5f8c8847bfda) Importer(2089858483,0ecaa5967403d082aa24f35e1b516d23) [PhysX] Initialized MultithreadedTaskDispatcher with 16 workers.
 -> (artifact id: '5c9301cd5a5dd3b76c7f2f8b49122a5a') in 0.024402 seconds
Number of updated asset objects reloaded before import = 0
Number of asset objects unloaded after import = 11
========================================================================
Received Import Request.
  Time since last request: 0.000024 seconds.
  path: Assets/Fries and Seagull/Interior 01/Prefabs/Ceilling Light.prefab
  artifactKey: Guid(943bb5fa6ac782143b7561037a737f5c) Importer(2089858483,3d70f49cd1c2eb9ae422958d1c652c6b)
Start importing Assets/Fries and Seagull/Interior 01/Prefabs/Ceilling Light.prefab using Guid(943bb5fa6ac782143b7561037a737f5c) Importer(2089858483,3d70f49cd1c2eb9ae422958d1c652c6b) [PhysX] Initialized MultithreadedTaskDispatcher with 16 workers.
 -> (artifact id: '503ba6d5d105515e2e4c80e81c21d340') in 0.017800 seconds
Number of updated asset objects reloaded before import = 0
Number of asset objects unloaded after import = 32
========================================================================
Received Import Request.
  Time since last request: 0.000021 seconds.
  path: Assets/Fries and Seagull/Interior 01/Prefabs/Bookcase.prefab
  artifactKey: Guid(c61575ace280f784396126ef01cb7e97) Importer(2089858483,3d70f49cd1c2eb9ae422958d1c652c6b)
Start importing Assets/Fries and Seagull/Interior 01/Prefabs/Bookcase.prefab using Guid(c61575ace280f784396126ef01cb7e97) Importer(2089858483,3d70f49cd1c2eb9ae422958d1c652c6b) [PhysX] Initialized MultithreadedTaskDispatcher with 16 workers.
 -> (artifact id: '03e9838beee906fe6c92fd42b84d0d2f') in 0.016514 seconds
Number of updated asset objects reloaded before import = 0
Number of asset objects unloaded after import = 23
========================================================================
Received Import Request.
  Time since last request: 0.000021 seconds.
  path: Assets/Fries and Seagull/Interior 01/Scripts/Suitcase.cs
  artifactKey: Guid(661715539a3f415291c5d22e51965fd5) Importer(2089858483,0ecaa5967403d082aa24f35e1b516d23)
Start importing Assets/Fries and Seagull/Interior 01/Scripts/Suitcase.cs using Guid(661715539a3f415291c5d22e51965fd5) Importer(2089858483,0ecaa5967403d082aa24f35e1b516d23) [PhysX] Initialized MultithreadedTaskDispatcher with 16 workers.
 -> (artifact id: '488488c3439321da72e457494e4eea00') in 0.016887 seconds
Number of updated asset objects reloaded before import = 0
Number of asset objects unloaded after import = 1
========================================================================
Received Import Request.
  Time since last request: 0.000026 seconds.
  path: Assets/Fries and Seagull/Interior 01/Prefabs/Optional/Room.prefab
  artifactKey: Guid(f0de16f84d34e63409b7f8b57ece7e05) Importer(2089858483,0ecaa5967403d082aa24f35e1b516d23)
Start importing Assets/Fries and Seagull/Interior 01/Prefabs/Optional/Room.prefab using Guid(f0de16f84d34e63409b7f8b57ece7e05) Importer(2089858483,0ecaa5967403d082aa24f35e1b516d23) [PhysX] Initialized MultithreadedTaskDispatcher with 16 workers.
 -> (artifact id: 'b4dea51bcc36a4f454b15d3ea8636d18') in 0.021468 seconds
Number of updated asset objects reloaded before import = 0
Number of asset objects unloaded after import = 71
========================================================================
Received Import Request.
  Time since last request: 0.000048 seconds.
  path: Assets/Fries and Seagull/Interior 01/Models/Clock.fbx
  artifactKey: Guid(46eefb00566daa948961b7681e388cce) Importer(2089858483,0ecaa5967403d082aa24f35e1b516d23)
Start importing Assets/Fries and Seagull/Interior 01/Models/Clock.fbx using Guid(46eefb00566daa948961b7681e388cce) Importer(2089858483,0ecaa5967403d082aa24f35e1b516d23) [PhysX] Initialized MultithreadedTaskDispatcher with 16 workers.
 -> (artifact id: 'f5a571c40ebf4ff46ad6be784f113d67') in 0.050562 seconds
Number of updated asset objects reloaded before import = 0
Number of asset objects unloaded after import = 19
========================================================================
Received Import Request.
  Time since last request: 0.000048 seconds.
  path: Assets/Fries and Seagull/Interior 01/Materials/Computer Light Glass.mat
  artifactKey: Guid(8698521cd365e4745bf1748f3858ba99) Importer(2089858483,0ecaa5967403d082aa24f35e1b516d23)
Start importing Assets/Fries and Seagull/Interior 01/Materials/Computer Light Glass.mat using Guid(8698521cd365e4745bf1748f3858ba99) Importer(2089858483,0ecaa5967403d082aa24f35e1b516d23) [PhysX] Initialized MultithreadedTaskDispatcher with 16 workers.
 -> (artifact id: 'e1b17ddf9faa74bb74db02588f70db3c') in 0.026329 seconds
Number of updated asset objects reloaded before import = 0
Number of asset objects unloaded after import = 1
========================================================================
Received Import Request.
  Time since last request: 0.000037 seconds.
  path: Assets/Fries and Seagull/Interior 01/Prefabs/Table 1.prefab
  artifactKey: Guid(89b9766555bf0cc478f4774f817c05e5) Importer(2089858483,0ecaa5967403d082aa24f35e1b516d23)
Start importing Assets/Fries and Seagull/Interior 01/Prefabs/Table 1.prefab using Guid(89b9766555bf0cc478f4774f817c05e5) Importer(2089858483,0ecaa5967403d082aa24f35e1b516d23) [PhysX] Initialized MultithreadedTaskDispatcher with 16 workers.
 -> (artifact id: '931142850731eb38dde776beaad573b7') in 0.052285 seconds
Number of updated asset objects reloaded before import = 0
Number of asset objects unloaded after import = 12
========================================================================
Received Import Request.
  Time since last request: 0.000025 seconds.
  path: Assets/Fries and Seagull/Interior 01/Models/Office Chair.fbx
  artifactKey: Guid(17df80efefcb5904a8003e062b0546d3) Importer(2089858483,0ecaa5967403d082aa24f35e1b516d23)
Start importing Assets/Fries and Seagull/Interior 01/Models/Office Chair.fbx using Guid(17df80efefcb5904a8003e062b0546d3) Importer(2089858483,0ecaa5967403d082aa24f35e1b516d23) [PhysX] Initialized MultithreadedTaskDispatcher with 16 workers.
 -> (artifact id: 'ce1e5a663ee9794621895e0020821473') in 0.090910 seconds
Number of updated asset objects reloaded before import = 0
Number of asset objects unloaded after import = 42
========================================================================
Received Import Request.
  Time since last request: 0.000221 seconds.
  path: Assets/Fries and Seagull/Interior 01/Scripts/Kettle.cs
  artifactKey: Guid(3f677c40aab842e9a7bf29a712774af3) Importer(2089858483,0ecaa5967403d082aa24f35e1b516d23)
Start importing Assets/Fries and Seagull/Interior 01/Scripts/Kettle.cs using Guid(3f677c40aab842e9a7bf29a712774af3) Importer(2089858483,0ecaa5967403d082aa24f35e1b516d23) [PhysX] Initialized MultithreadedTaskDispatcher with 16 workers.
 -> (artifact id: '191be451bad686bff44af099fa40fa09') in 0.556279 seconds
Number of updated asset objects reloaded before import = 0
Number of asset objects unloaded after import = 1
========================================================================
Received Import Request.
  Time since last request: 0.000020 seconds.
  path: Assets/Fries and Seagull/Interior 01/Documentation EN.pdf
  artifactKey: Guid(c5906668d10e76045aa8caec06fd830f) Importer(2089858483,0ecaa5967403d082aa24f35e1b516d23)
Start importing Assets/Fries and Seagull/Interior 01/Documentation EN.pdf using Guid(c5906668d10e76045aa8caec06fd830f) Importer(2089858483,0ecaa5967403d082aa24f35e1b516d23) [PhysX] Initialized MultithreadedTaskDispatcher with 16 workers.
 -> (artifact id: 'ba7633064e68a31508bfbae8fa77ec62') in 0.027932 seconds
Number of updated asset objects reloaded before import = 0
Number of asset objects unloaded after import = 1
========================================================================
Received Import Request.
  Time since last request: 0.000027 seconds.
  path: Assets/Fries and Seagull/Interior 01/Prefabs/Wall Bracket.prefab
  artifactKey: Guid(800cce422e690ef449f7eaeacec676bc) Importer(2089858483,0ecaa5967403d082aa24f35e1b516d23)
Start importing Assets/Fries and Seagull/Interior 01/Prefabs/Wall Bracket.prefab using Guid(800cce422e690ef449f7eaeacec676bc) Importer(2089858483,0ecaa5967403d082aa24f35e1b516d23) [PhysX] Initialized MultithreadedTaskDispatcher with 16 workers.
 -> (artifact id: '8e440fca3210cc8ddd444588fec54676') in 0.300853 seconds
Number of updated asset objects reloaded before import = 0
Number of asset objects unloaded after import = 14
========================================================================
Received Import Request.
  Time since last request: 0.000048 seconds.
  path: Assets/Fries and Seagull/Interior 01/Models/Hook.fbx
  artifactKey: Guid(cfb2a3239f0c9344896d64f9d194c65c) Importer(2089858483,0ecaa5967403d082aa24f35e1b516d23)
Start importing Assets/Fries and Seagull/Interior 01/Models/Hook.fbx using Guid(cfb2a3239f0c9344896d64f9d194c65c) Importer(2089858483,0ecaa5967403d082aa24f35e1b516d23) [PhysX] Initialized MultithreadedTaskDispatcher with 16 workers.
 -> (artifact id: '4b6ed4b888182e9ead9212db7966182a') in 0.072817 seconds
Number of updated asset objects reloaded before import = 0
Number of asset objects unloaded after import = 10
========================================================================
Received Import Request.
  Time since last request: 0.000029 seconds.
  path: Assets/Fries and Seagull/Interior 01/Prefabs/Audio.prefab
  artifactKey: Guid(963595dfb673b454bb16a8d7ae5687fd) Importer(2089858483,0ecaa5967403d082aa24f35e1b516d23)
Start importing Assets/Fries and Seagull/Interior 01/Prefabs/Audio.prefab using Guid(963595dfb673b454bb16a8d7ae5687fd) Importer(2089858483,0ecaa5967403d082aa24f35e1b516d23) [PhysX] Initialized MultithreadedTaskDispatcher with 16 workers.
 -> (artifact id: '1f75c6d660a7f8aff9766dbf52fe5265') in 0.118345 seconds
Number of updated asset objects reloaded before import = 0
Number of asset objects unloaded after import = 17
========================================================================
Received Import Request.
  Time since last request: 0.000020 seconds.
  path: Assets/Fries and Seagull/Interior 01/Prefabs/Computer.prefab
  artifactKey: Guid(0cfb98e1488cb9948a9dc462f0771e9e) Importer(2089858483,3d70f49cd1c2eb9ae422958d1c652c6b)
Start importing Assets/Fries and Seagull/Interior 01/Prefabs/Computer.prefab using Guid(0cfb98e1488cb9948a9dc462f0771e9e) Importer(2089858483,3d70f49cd1c2eb9ae422958d1c652c6b) [PhysX] Initialized MultithreadedTaskDispatcher with 16 workers.
 -> (artifact id: '65c70b47b99ff90bcb46f499997b3f36') in 0.184148 seconds
Number of updated asset objects reloaded before import = 0
Number of asset objects unloaded after import = 77
========================================================================
Received Import Request.
  Time since last request: 0.000019 seconds.
  path: Assets/Fries and Seagull/Interior 01/Scripts/Utility/YureiButtonAttribute.cs
  artifactKey: Guid(fc85a95361174d368a902ba9bae223d7) Importer(2089858483,0ecaa5967403d082aa24f35e1b516d23)
Start importing Assets/Fries and Seagull/Interior 01/Scripts/Utility/YureiButtonAttribute.cs using Guid(fc85a95361174d368a902ba9bae223d7) Importer(2089858483,0ecaa5967403d082aa24f35e1b516d23) [PhysX] Initialized MultithreadedTaskDispatcher with 16 workers.
 -> (artifact id: 'a65e35dd877e842e579d35842e75fcc9') in 0.082872 seconds
Number of updated asset objects reloaded before import = 0
Number of asset objects unloaded after import = 1
========================================================================
Received Import Request.
  Time since last request: 0.000029 seconds.
  path: Assets/Settings/URP-HighFidelity-Renderer.asset
  artifactKey: Guid(c40be3174f62c4acf8c1216858c64956) Importer(2089858483,0ecaa5967403d082aa24f35e1b516d23)
Start importing Assets/Settings/URP-HighFidelity-Renderer.asset using Guid(c40be3174f62c4acf8c1216858c64956) Importer(2089858483,0ecaa5967403d082aa24f35e1b516d23) [PhysX] Initialized MultithreadedTaskDispatcher with 16 workers.
 -> (artifact id: '78d58fca5e420d0b819ae839d76899ef') in 0.067506 seconds
Number of updated asset objects reloaded before import = 0
Number of asset objects unloaded after import = 1
========================================================================
Received Import Request.
  Time since last request: 0.000018 seconds.
  path: Assets/Fries and Seagull/Interior 01/Scripts/Utility/Inspector/YureiInspector.cs
  artifactKey: Guid(44783aab2da84028a5c2035967c3cccb) Importer(2089858483,0ecaa5967403d082aa24f35e1b516d23)
Start importing Assets/Fries and Seagull/Interior 01/Scripts/Utility/Inspector/YureiInspector.cs using Guid(44783aab2da84028a5c2035967c3cccb) Importer(2089858483,0ecaa5967403d082aa24f35e1b516d23) [PhysX] Initialized MultithreadedTaskDispatcher with 16 workers.
 -> (artifact id: '0a1d5925b2964122d143cb8dfd85bd64') in 0.020653 seconds
Number of updated asset objects reloaded before import = 0
Number of asset objects unloaded after import = 1
========================================================================
Received Import Request.
  Time since last request: 0.000019 seconds.
  path: Assets/Fries and Seagull/Interior 01/Models/Bed.fbx
  artifactKey: Guid(a7c1003deb3bc144e889735fbb38584a) Importer(2089858483,0ecaa5967403d082aa24f35e1b516d23)
Start importing Assets/Fries and Seagull/Interior 01/Models/Bed.fbx using Guid(a7c1003deb3bc144e889735fbb38584a) Importer(2089858483,0ecaa5967403d082aa24f35e1b516d23) [PhysX] Initialized MultithreadedTaskDispatcher with 16 workers.
 -> (artifact id: 'b3903405d0d78143e2e320749e847cac') in 0.175933 seconds
Number of updated asset objects reloaded before import = 0
Number of asset objects unloaded after import = 37
========================================================================
Received Import Request.
  Time since last request: 0.000027 seconds.
  path: Assets/TutorialInfo/Scripts/Readme.cs
  artifactKey: Guid(fcf7219bab7fe46a1ad266029b2fee19) Importer(2089858483,0ecaa5967403d082aa24f35e1b516d23)
Start importing Assets/TutorialInfo/Scripts/Readme.cs using Guid(fcf7219bab7fe46a1ad266029b2fee19) Importer(2089858483,0ecaa5967403d082aa24f35e1b516d23) [PhysX] Initialized MultithreadedTaskDispatcher with 16 workers.
 -> (artifact id: 'b4f3e3727328d94c3c4d92fe5e576b05') in 0.039521 seconds
Number of updated asset objects reloaded before import = 0
Number of asset objects unloaded after import = 1
========================================================================
Received Import Request.
  Time since last request: 0.000021 seconds.
  path: Assets/Fries and Seagull/Interior 01/Prefabs/Cup.prefab
  artifactKey: Guid(84119fc10643f9d4eb88e1d4e556cd5c) Importer(2089858483,3d70f49cd1c2eb9ae422958d1c652c6b)
Start importing Assets/Fries and Seagull/Interior 01/Prefabs/Cup.prefab using Guid(84119fc10643f9d4eb88e1d4e556cd5c) Importer(2089858483,3d70f49cd1c2eb9ae422958d1c652c6b) [PhysX] Initialized MultithreadedTaskDispatcher with 16 workers.
 -> (artifact id: '892e08b5b2de42489a0ecd6adff61b57') in 0.057196 seconds
Number of updated asset objects reloaded before import = 0
Number of asset objects unloaded after import = 28
========================================================================
Received Import Request.
  Time since last request: 0.000023 seconds.
  path: Assets/Fries and Seagull/Interior 01/Prefabs/Computer Monitor.prefab
  artifactKey: Guid(e957031badb353f44884ce0bb321c2a2) Importer(2089858483,3d70f49cd1c2eb9ae422958d1c652c6b)
Start importing Assets/Fries and Seagull/Interior 01/Prefabs/Computer Monitor.prefab using Guid(e957031badb353f44884ce0bb321c2a2) Importer(2089858483,3d70f49cd1c2eb9ae422958d1c652c6b) [PhysX] Initialized MultithreadedTaskDispatcher with 16 workers.
 -> (artifact id: '1ac2424b840ded123bd64cb51048f931') in 0.050219 seconds
Number of updated asset objects reloaded before import = 0
Number of asset objects unloaded after import = 62
========================================================================
Received Import Request.
  Time since last request: 0.000017 seconds.
  path: Assets/Fries and Seagull/Interior 01/Scripts/AirConditioner.cs
  artifactKey: Guid(ab79a61115ae41a1ac0ebad0b172eafe) Importer(2089858483,0ecaa5967403d082aa24f35e1b516d23)
Start importing Assets/Fries and Seagull/Interior 01/Scripts/AirConditioner.cs using Guid(ab79a61115ae41a1ac0ebad0b172eafe) Importer(2089858483,0ecaa5967403d082aa24f35e1b516d23) [PhysX] Initialized MultithreadedTaskDispatcher with 16 workers.
 -> (artifact id: '2dd2595b71f05eff9ae9a4828c1b4835') in 0.038373 seconds
Number of updated asset objects reloaded before import = 0
Number of asset objects unloaded after import = 1
========================================================================
Received Import Request.
  Time since last request: 0.000018 seconds.
  path: Assets/UniversalRenderPipelineGlobalSettings.asset
  artifactKey: Guid(18dc0cd2c080841dea60987a38ce93fa) Importer(2089858483,3d70f49cd1c2eb9ae422958d1c652c6b)
Start importing Assets/UniversalRenderPipelineGlobalSettings.asset using Guid(18dc0cd2c080841dea60987a38ce93fa) Importer(2089858483,3d70f49cd1c2eb9ae422958d1c652c6b) [PhysX] Initialized MultithreadedTaskDispatcher with 16 workers.
 -> (artifact id: '69af402fb47123dbd31b754a89d300de') in 0.072315 seconds
Number of updated asset objects reloaded before import = 0
Number of asset objects unloaded after import = 0
========================================================================
Received Import Request.
  Time since last request: 0.000023 seconds.
  path: Assets/Fries and Seagull/Interior 01/Models/Computer Case.fbx
  artifactKey: Guid(5e8e80b1bde285c46946700da02dadc7) Importer(2089858483,0ecaa5967403d082aa24f35e1b516d23)
Start importing Assets/Fries and Seagull/Interior 01/Models/Computer Case.fbx using Guid(5e8e80b1bde285c46946700da02dadc7) Importer(2089858483,0ecaa5967403d082aa24f35e1b516d23) [PhysX] Initialized MultithreadedTaskDispatcher with 16 workers.
 -> (artifact id: 'e67bb39b0b9b7129140443333dcbd2ba') in 0.089516 seconds
Number of updated asset objects reloaded before import = 0
Number of asset objects unloaded after import = 20
========================================================================
Received Import Request.
  Time since last request: 0.000022 seconds.
  path: Assets/Fries and Seagull/Interior 01/Prefabs/Door.prefab
  artifactKey: Guid(c5f868f465e50e943902cf18499f2d31) Importer(2089858483,3d70f49cd1c2eb9ae422958d1c652c6b)
Start importing Assets/Fries and Seagull/Interior 01/Prefabs/Door.prefab using Guid(c5f868f465e50e943902cf18499f2d31) Importer(2089858483,3d70f49cd1c2eb9ae422958d1c652c6b) [PhysX] Initialized MultithreadedTaskDispatcher with 16 workers.
 -> (artifact id: '8d38a91e6c4b87a7047901d401f5aa08') in 0.115092 seconds
Number of updated asset objects reloaded before import = 0
Number of asset objects unloaded after import = 48
========================================================================
Received Import Request.
  Time since last request: 0.000018 seconds.
  path: Assets/Scenes/SampleScene.unity
  artifactKey: Guid(99c9720ab356a0642a771bea13969a05) Importer(2089858483,3d70f49cd1c2eb9ae422958d1c652c6b)
Start importing Assets/Scenes/SampleScene.unity using Guid(99c9720ab356a0642a771bea13969a05) Importer(2089858483,3d70f49cd1c2eb9ae422958d1c652c6b) [PhysX] Initialized MultithreadedTaskDispatcher with 16 workers.
Opening scene 'Assets/Scenes/SampleScene.unity additively'
Loaded scene 'Assets/Scenes/SampleScene.unity'
	Deserialize:            50.852 ms
	Integration:            0.214 ms
	Integration of assets:  0.130 ms
	Thread Wait Time:       0.002 ms
	Total Operation Time:   51.199 ms
 -> (artifact id: 'a7e069dfab6663267357492737a1e4c0') in 0.117346 seconds
Number of updated asset objects reloaded before import = 0
Number of asset objects unloaded after import = 5
========================================================================
Received Import Request.
  Time since last request: 0.000017 seconds.
  path: Assets/Fries and Seagull/Interior 01/Effect/Fan End.anim
  artifactKey: Guid(d7d5f3cfb55460149a0fcbe3420873f3) Importer(2089858483,0ecaa5967403d082aa24f35e1b516d23)
Start importing Assets/Fries and Seagull/Interior 01/Effect/Fan End.anim using Guid(d7d5f3cfb55460149a0fcbe3420873f3) Importer(2089858483,0ecaa5967403d082aa24f35e1b516d23) [PhysX] Initialized MultithreadedTaskDispatcher with 16 workers.
 -> (artifact id: 'd12c25a0176894ca4adb4f6158b78f59') in 0.113424 seconds
Number of updated asset objects reloaded before import = 0
Number of asset objects unloaded after import = 1
========================================================================
Received Import Request.
  Time since last request: 0.010322 seconds.
  path: Assets/Fries and Seagull/Interior 01/Materials/Desk Lamp Light.mat
  artifactKey: Guid(eaf7ff63c212ad2428d8b9be5ee1e55e) Importer(2089858483,0ecaa5967403d082aa24f35e1b516d23)
Start importing Assets/Fries and Seagull/Interior 01/Materials/Desk Lamp Light.mat using Guid(eaf7ff63c212ad2428d8b9be5ee1e55e) Importer(2089858483,0ecaa5967403d082aa24f35e1b516d23) [PhysX] Initialized MultithreadedTaskDispatcher with 16 workers.
 -> (artifact id: '806f3b8d1e098918e06f34f02ee29284') in 0.059807 seconds
Number of updated asset objects reloaded before import = 0
Number of asset objects unloaded after import = 1
========================================================================
Received Import Request.
  Time since last request: 0.000022 seconds.
  path: Assets/Fries and Seagull/Interior 01/Scripts/CeillingLight.cs
  artifactKey: Guid(9031c48a614841cda781fee4fffc93b5) Importer(2089858483,0ecaa5967403d082aa24f35e1b516d23)
Start importing Assets/Fries and Seagull/Interior 01/Scripts/CeillingLight.cs using Guid(9031c48a614841cda781fee4fffc93b5) Importer(2089858483,0ecaa5967403d082aa24f35e1b516d23) [PhysX] Initialized MultithreadedTaskDispatcher with 16 workers.
 -> (artifact id: '7b8d62bf2e0d6e685ed7de7325a228fe') in 0.037915 seconds
Number of updated asset objects reloaded before import = 0
Number of asset objects unloaded after import = 1
========================================================================
Received Import Request.
  Time since last request: 0.000018 seconds.
  path: Assets/Fries and Seagull/Interior 01/Models/Door.fbx
  artifactKey: Guid(a5ba7683e91e882499bda14bed8d9d38) Importer(2089858483,0ecaa5967403d082aa24f35e1b516d23)
Start importing Assets/Fries and Seagull/Interior 01/Models/Door.fbx using Guid(a5ba7683e91e882499bda14bed8d9d38) Importer(2089858483,0ecaa5967403d082aa24f35e1b516d23) [PhysX] Initialized MultithreadedTaskDispatcher with 16 workers.
 -> (artifact id: '21bdf0057458dc472a10cec1dbb11037') in 0.048888 seconds
Number of updated asset objects reloaded before import = 0
Number of asset objects unloaded after import = 27
========================================================================
Received Import Request.
  Time since last request: 0.000025 seconds.
  path: Assets/Fries and Seagull/Interior 01/Prefabs/Kettle.prefab
  artifactKey: Guid(6ae2dc7ac106db346bcdc8628a35c716) Importer(2089858483,0ecaa5967403d082aa24f35e1b516d23)
Start importing Assets/Fries and Seagull/Interior 01/Prefabs/Kettle.prefab using Guid(6ae2dc7ac106db346bcdc8628a35c716) Importer(2089858483,0ecaa5967403d082aa24f35e1b516d23) [PhysX] Initialized MultithreadedTaskDispatcher with 16 workers.
 -> (artifact id: '2789477d967111b88605e46640ee0a15') in 0.209327 seconds
Number of updated asset objects reloaded before import = 0
Number of asset objects unloaded after import = 17
========================================================================
Received Import Request.
  Time since last request: 0.000023 seconds.
  path: Assets/Fries and Seagull/Interior 01/Scripts/Utility/YureiManagerBRP.cs
  artifactKey: Guid(d78219068d1d4f3c93371e5fa6e4cc5e) Importer(2089858483,0ecaa5967403d082aa24f35e1b516d23)
Start importing Assets/Fries and Seagull/Interior 01/Scripts/Utility/YureiManagerBRP.cs using Guid(d78219068d1d4f3c93371e5fa6e4cc5e) Importer(2089858483,0ecaa5967403d082aa24f35e1b516d23) [PhysX] Initialized MultithreadedTaskDispatcher with 16 workers.
 -> (artifact id: '441c36b7d00d88278e3c8168b33dd08c') in 0.031427 seconds
Number of updated asset objects reloaded before import = 0
Number of asset objects unloaded after import = 1
========================================================================
Received Import Request.
  Time since last request: 0.000019 seconds.
  path: Assets/Fries and Seagull/Interior 01/Prefabs/Air Conditioner Ext. Wireless.prefab
  artifactKey: Guid(80797f014bde8854e9dc3cf9f92e6282) Importer(2089858483,3d70f49cd1c2eb9ae422958d1c652c6b)
Start importing Assets/Fries and Seagull/Interior 01/Prefabs/Air Conditioner Ext. Wireless.prefab using Guid(80797f014bde8854e9dc3cf9f92e6282) Importer(2089858483,3d70f49cd1c2eb9ae422958d1c652c6b) [PhysX] Initialized MultithreadedTaskDispatcher with 16 workers.
 -> (artifact id: 'ab83e6e18fcdc8dc464cc74da61e09e7') in 0.037514 seconds
Number of updated asset objects reloaded before import = 0
Number of asset objects unloaded after import = 62
========================================================================
Received Import Request.
  Time since last request: 0.000018 seconds.
  path: Assets/Fries and Seagull/Interior 01/Models/Wall Bracket.fbx
  artifactKey: Guid(a68b15861a0a89140bfe545fc59b492e) Importer(2089858483,0ecaa5967403d082aa24f35e1b516d23)
Start importing Assets/Fries and Seagull/Interior 01/Models/Wall Bracket.fbx using Guid(a68b15861a0a89140bfe545fc59b492e) Importer(2089858483,0ecaa5967403d082aa24f35e1b516d23) [PhysX] Initialized MultithreadedTaskDispatcher with 16 workers.
 -> (artifact id: '1fc5284d19b7bca4abf45d3ad5249e1b') in 0.027635 seconds
Number of updated asset objects reloaded before import = 0
Number of asset objects unloaded after import = 9
========================================================================
Received Import Request.
  Time since last request: 0.000018 seconds.
  path: Assets/Fries and Seagull/Interior 01/Prefabs/Small Chair.prefab
  artifactKey: Guid(156dceeccdddba04c9fe12fa39c5af40) Importer(2089858483,3d70f49cd1c2eb9ae422958d1c652c6b)
Start importing Assets/Fries and Seagull/Interior 01/Prefabs/Small Chair.prefab using Guid(156dceeccdddba04c9fe12fa39c5af40) Importer(2089858483,3d70f49cd1c2eb9ae422958d1c652c6b) [PhysX] Initialized MultithreadedTaskDispatcher with 16 workers.
 -> (artifact id: '8a3c3c7ea11b1e68914f3d93aea22538') in 0.020389 seconds
Number of updated asset objects reloaded before import = 0
Number of asset objects unloaded after import = 18
========================================================================
Received Import Request.
  Time since last request: 0.000021 seconds.
  path: Assets/Fries and Seagull/Interior 01/Prefabs/Optional/Floor.prefab
  artifactKey: Guid(550f351788fe79541a81557914e2efee) Importer(2089858483,0ecaa5967403d082aa24f35e1b516d23)
Start importing Assets/Fries and Seagull/Interior 01/Prefabs/Optional/Floor.prefab using Guid(550f351788fe79541a81557914e2efee) Importer(2089858483,0ecaa5967403d082aa24f35e1b516d23) [PhysX] Initialized MultithreadedTaskDispatcher with 16 workers.
 -> (artifact id: 'f05039b38f45dcdf93adb35bf1667c91') in 0.021701 seconds
Number of updated asset objects reloaded before import = 0
Number of asset objects unloaded after import = 27
========================================================================
Received Import Request.
  Time since last request: 0.000033 seconds.
  path: Assets/Fries and Seagull/Interior 01/Prefabs/Power Strip.prefab
  artifactKey: Guid(684f4ff211a920b49a598013f61b6596) Importer(2089858483,3d70f49cd1c2eb9ae422958d1c652c6b)
Start importing Assets/Fries and Seagull/Interior 01/Prefabs/Power Strip.prefab using Guid(684f4ff211a920b49a598013f61b6596) Importer(2089858483,3d70f49cd1c2eb9ae422958d1c652c6b) [PhysX] Initialized MultithreadedTaskDispatcher with 16 workers.
 -> (artifact id: 'f579040d8ed18e01e3bc96cb822d9225') in 0.035583 seconds
Number of updated asset objects reloaded before import = 0
Number of asset objects unloaded after import = 30
========================================================================
Received Import Request.
  Time since last request: 0.000071 seconds.
  path: Assets/Fries and Seagull/Interior 01/Models/Table 2.fbx
  artifactKey: Guid(13e538f6c11ca3049bf846ed5151bbae) Importer(2089858483,0ecaa5967403d082aa24f35e1b516d23)
Start importing Assets/Fries and Seagull/Interior 01/Models/Table 2.fbx using Guid(13e538f6c11ca3049bf846ed5151bbae) Importer(2089858483,0ecaa5967403d082aa24f35e1b516d23) [PhysX] Initialized MultithreadedTaskDispatcher with 16 workers.
 -> (artifact id: 'c794518dfd191b794bd7973db87cf584') in 0.062317 seconds
Number of updated asset objects reloaded before import = 0
Number of asset objects unloaded after import = 13
========================================================================
Received Import Request.
  Time since last request: 0.000033 seconds.
  path: Assets/Fries and Seagull/Interior 01/Prefabs/Table 2.prefab
  artifactKey: Guid(503151dd7b8b91141a7f119d0090bbe6) Importer(2089858483,3d70f49cd1c2eb9ae422958d1c652c6b)
Start importing Assets/Fries and Seagull/Interior 01/Prefabs/Table 2.prefab using Guid(503151dd7b8b91141a7f119d0090bbe6) Importer(2089858483,3d70f49cd1c2eb9ae422958d1c652c6b) [PhysX] Initialized MultithreadedTaskDispatcher with 16 workers.
 -> (artifact id: '604918c8aa36a5b865cd457c9c7a928c') in 0.061556 seconds
Number of updated asset objects reloaded before import = 0
Number of asset objects unloaded after import = 26
========================================================================
Received Import Request.
  Time since last request: 0.000022 seconds.
  path: Assets/Fries and Seagull/Interior 01/Models/Backpack.fbx
  artifactKey: Guid(ca9bc06c2d31f4047ac4ad0185980925) Importer(2089858483,0ecaa5967403d082aa24f35e1b516d23)
Start importing Assets/Fries and Seagull/Interior 01/Models/Backpack.fbx using Guid(ca9bc06c2d31f4047ac4ad0185980925) Importer(2089858483,0ecaa5967403d082aa24f35e1b516d23) [PhysX] Initialized MultithreadedTaskDispatcher with 16 workers.
 -> (artifact id: '3e2842eb261bce160bcb7ad61189de76') in 0.062528 seconds
Number of updated asset objects reloaded before import = 0
Number of asset objects unloaded after import = 12
========================================================================
Received Import Request.
  Time since last request: 0.000032 seconds.
  path: Assets/Fries and Seagull/Interior 01/Prefabs/Office Chair.prefab
  artifactKey: Guid(4343c522f48efe0438dca65d10544789) Importer(2089858483,3d70f49cd1c2eb9ae422958d1c652c6b)
Start importing Assets/Fries and Seagull/Interior 01/Prefabs/Office Chair.prefab using Guid(4343c522f48efe0438dca65d10544789) Importer(2089858483,3d70f49cd1c2eb9ae422958d1c652c6b) [PhysX] Initialized MultithreadedTaskDispatcher with 16 workers.
 -> (artifact id: '072b98d29a6b2ca99668865664416b4d') in 0.029928 seconds
Number of updated asset objects reloaded before import = 0
Number of asset objects unloaded after import = 100
========================================================================
Received Import Request.
  Time since last request: 0.000029 seconds.
  path: Assets/Fries and Seagull/Interior 01/Models/Bookshelf.fbx
  artifactKey: Guid(682255df230a91746a29206f64410b2f) Importer(2089858483,0ecaa5967403d082aa24f35e1b516d23)
Start importing Assets/Fries and Seagull/Interior 01/Models/Bookshelf.fbx using Guid(682255df230a91746a29206f64410b2f) Importer(2089858483,0ecaa5967403d082aa24f35e1b516d23) [PhysX] Initialized MultithreadedTaskDispatcher with 16 workers.
 -> (artifact id: '119e68b0a9c7787789ed88badd8be8b7') in 0.051532 seconds
Number of updated asset objects reloaded before import = 0
Number of asset objects unloaded after import = 10
========================================================================
Received Import Request.
  Time since last request: 0.000315 seconds.
  path: Assets/Fries and Seagull/Interior 01/Effect/Fan Start.anim
  artifactKey: Guid(b38e059cab5aa204a93c666f0ac8b3a8) Importer(2089858483,0ecaa5967403d082aa24f35e1b516d23)
Start importing Assets/Fries and Seagull/Interior 01/Effect/Fan Start.anim using Guid(b38e059cab5aa204a93c666f0ac8b3a8) Importer(2089858483,0ecaa5967403d082aa24f35e1b516d23) [PhysX] Initialized MultithreadedTaskDispatcher with 16 workers.
 -> (artifact id: '6f19dec2bb02da8bd754409da9d3580d') in 0.110220 seconds
Number of updated asset objects reloaded before import = 0
Number of asset objects unloaded after import = 1
========================================================================
Received Import Request.
  Time since last request: 0.000029 seconds.
  path: Assets/Fries and Seagull/Interior 01/Prefabs/Bookshelf.prefab
  artifactKey: Guid(abce6bc9b2912fb4f8dfb72a63760fee) Importer(2089858483,0ecaa5967403d082aa24f35e1b516d23)
Start importing Assets/Fries and Seagull/Interior 01/Prefabs/Bookshelf.prefab using Guid(abce6bc9b2912fb4f8dfb72a63760fee) Importer(2089858483,0ecaa5967403d082aa24f35e1b516d23) [PhysX] Initialized MultithreadedTaskDispatcher with 16 workers.
 -> (artifact id: 'ed9e6d2018f7ad591d5211493ed6cf7d') in 0.041639 seconds
Number of updated asset objects reloaded before import = 0
Number of asset objects unloaded after import = 11
========================================================================
Received Import Request.
  Time since last request: 0.000434 seconds.
  path: Assets/Fries and Seagull/Interior 01/Prefabs/Air Conditioner Ext.prefab
  artifactKey: Guid(0291aaffe4788f44093f251e3e5f74f8) Importer(2089858483,0ecaa5967403d082aa24f35e1b516d23)
Start importing Assets/Fries and Seagull/Interior 01/Prefabs/Air Conditioner Ext.prefab using Guid(0291aaffe4788f44093f251e3e5f74f8) Importer(2089858483,0ecaa5967403d082aa24f35e1b516d23) [PhysX] Initialized MultithreadedTaskDispatcher with 16 workers.
 -> (artifact id: 'ff80b2e59126e9118edb524a5d7e4ead') in 0.071830 seconds
Number of updated asset objects reloaded before import = 0
Number of asset objects unloaded after import = 53
========================================================================
Received Import Request.
  Time since last request: 0.000030 seconds.
  path: Assets/Fries and Seagull/Interior 01/Scripts/Utility/TimeZoneConverter.cs
  artifactKey: Guid(26317935fdf14d23a78ee934f504e0e9) Importer(2089858483,0ecaa5967403d082aa24f35e1b516d23)
Start importing Assets/Fries and Seagull/Interior 01/Scripts/Utility/TimeZoneConverter.cs using Guid(26317935fdf14d23a78ee934f504e0e9) Importer(2089858483,0ecaa5967403d082aa24f35e1b516d23) [PhysX] Initialized MultithreadedTaskDispatcher with 16 workers.
 -> (artifact id: 'e69cdae62ead0e184925a1cba9cb7ca0') in 0.018838 seconds
Number of updated asset objects reloaded before import = 0
Number of asset objects unloaded after import = 1
========================================================================
Received Import Request.
  Time since last request: 0.000038 seconds.
  path: Assets/Fries and Seagull/Interior 01/Scripts/Utility/Inspector/IgnoreInInspectorAttribute.cs
  artifactKey: Guid(98291bb42b504c82aec7632c669be24c) Importer(2089858483,0ecaa5967403d082aa24f35e1b516d23)
Start importing Assets/Fries and Seagull/Interior 01/Scripts/Utility/Inspector/IgnoreInInspectorAttribute.cs using Guid(98291bb42b504c82aec7632c669be24c) Importer(2089858483,0ecaa5967403d082aa24f35e1b516d23) [PhysX] Initialized MultithreadedTaskDispatcher with 16 workers.
 -> (artifact id: 'e8824861ab5a1c9d2eef19c56542ae46') in 0.019891 seconds
Number of updated asset objects reloaded before import = 0
Number of asset objects unloaded after import = 1
========================================================================
Received Import Request.
  Time since last request: 0.132557 seconds.
  path: Assets/Fries and Seagull/Interior 01/Prefabs/Phone With Charger.prefab
  artifactKey: Guid(966bae85eeb46904894caa00ee8622f8) Importer(2089858483,3d70f49cd1c2eb9ae422958d1c652c6b)
Start importing Assets/Fries and Seagull/Interior 01/Prefabs/Phone With Charger.prefab using Guid(966bae85eeb46904894caa00ee8622f8) Importer(2089858483,3d70f49cd1c2eb9ae422958d1c652c6b) [PhysX] Initialized MultithreadedTaskDispatcher with 16 workers.
 -> (artifact id: '110d3b9b63426f5b15aec272877196cc') in 0.023072 seconds
Number of updated asset objects reloaded before import = 0
Number of asset objects unloaded after import = 55
========================================================================
Received Import Request.
  Time since last request: 0.000981 seconds.
  path: Assets/Fries and Seagull/Interior 01/Prefabs/Pen Container.prefab
  artifactKey: Guid(8b529028f4d278c4c8a8aa58101f0008) Importer(2089858483,0ecaa5967403d082aa24f35e1b516d23)
Start importing Assets/Fries and Seagull/Interior 01/Prefabs/Pen Container.prefab using Guid(8b529028f4d278c4c8a8aa58101f0008) Importer(2089858483,0ecaa5967403d082aa24f35e1b516d23) [PhysX] Initialized MultithreadedTaskDispatcher with 16 workers.
 -> (artifact id: 'ed6f070f539a7b261d72b2fa6486828a') in 0.024644 seconds
Number of updated asset objects reloaded before import = 0
Number of asset objects unloaded after import = 46
========================================================================
Received Import Request.
  Time since last request: 0.000141 seconds.
  path: Assets/Fries and Seagull/Interior 01/Models/Power Strip.fbx
  artifactKey: Guid(1f114a71e35213f4a9e14ccc5295d0fd) Importer(2089858483,0ecaa5967403d082aa24f35e1b516d23)
Start importing Assets/Fries and Seagull/Interior 01/Models/Power Strip.fbx using Guid(1f114a71e35213f4a9e14ccc5295d0fd) Importer(2089858483,0ecaa5967403d082aa24f35e1b516d23) [PhysX] Initialized MultithreadedTaskDispatcher with 16 workers.
 -> (artifact id: 'f84a51a8b3c6cb478632846b3974bad7') in 0.109861 seconds
Number of updated asset objects reloaded before import = 0
Number of asset objects unloaded after import = 16
========================================================================
Received Import Request.
  Time since last request: 0.000024 seconds.
  path: Assets/Settings/URP-Balanced-Renderer.asset
  artifactKey: Guid(e634585d5c4544dd297acaee93dc2beb) Importer(2089858483,3d70f49cd1c2eb9ae422958d1c652c6b)
Start importing Assets/Settings/URP-Balanced-Renderer.asset using Guid(e634585d5c4544dd297acaee93dc2beb) Importer(2089858483,3d70f49cd1c2eb9ae422958d1c652c6b) [PhysX] Initialized MultithreadedTaskDispatcher with 16 workers.
 -> (artifact id: '38aac19343d89c55df97c86fc2a133b2') in 0.042772 seconds
Number of updated asset objects reloaded before import = 0
Number of asset objects unloaded after import = 1
========================================================================
Received Import Request.
  Time since last request: 0.000041 seconds.
  path: Assets/Fries and Seagull/Interior 01/Prefabs/Air Conditioner Int..prefab
  artifactKey: Guid(bdc7239167fe13e438e108a6ae62fe5f) Importer(2089858483,3d70f49cd1c2eb9ae422958d1c652c6b)
Start importing Assets/Fries and Seagull/Interior 01/Prefabs/Air Conditioner Int..prefab using Guid(bdc7239167fe13e438e108a6ae62fe5f) Importer(2089858483,3d70f49cd1c2eb9ae422958d1c652c6b) [PhysX] Initialized MultithreadedTaskDispatcher with 16 workers.
 -> (artifact id: '9f5aea93e8df211a217fd86c1d75071a') in 0.064615 seconds
Number of updated asset objects reloaded before import = 0
Number of asset objects unloaded after import = 66
========================================================================
Received Import Request.
  Time since last request: 0.000038 seconds.
  path: Assets/Fries and Seagull/Interior 01/Prefabs/Paper Bottle.prefab
  artifactKey: Guid(90e79b0b794e84d46bd27267a999cb6f) Importer(2089858483,0ecaa5967403d082aa24f35e1b516d23)
Start importing Assets/Fries and Seagull/Interior 01/Prefabs/Paper Bottle.prefab using Guid(90e79b0b794e84d46bd27267a999cb6f) Importer(2089858483,0ecaa5967403d082aa24f35e1b516d23) [PhysX] Initialized MultithreadedTaskDispatcher with 16 workers.
 -> (artifact id: '8c3b6f9e4692f575992d208047bb6565') in 0.020305 seconds
Number of updated asset objects reloaded before import = 0
Number of asset objects unloaded after import = 11
========================================================================
Received Import Request.
  Time since last request: 0.000027 seconds.
  path: Assets/Fries and Seagull/Interior 01/Scripts/Setup/Post Processing Profile.asset
  artifactKey: Guid(38e622b672e9ee249b1c563179c1e78c) Importer(2089858483,0ecaa5967403d082aa24f35e1b516d23)
Start importing Assets/Fries and Seagull/Interior 01/Scripts/Setup/Post Processing Profile.asset using Guid(38e622b672e9ee249b1c563179c1e78c) Importer(2089858483,0ecaa5967403d082aa24f35e1b516d23) [PhysX] Initialized MultithreadedTaskDispatcher with 16 workers.
 -> (artifact id: 'b8e8b8bd649c934ee29db965ffbc1bc5') in 0.165529 seconds
Number of updated asset objects reloaded before import = 0
Number of asset objects unloaded after import = 2
========================================================================
Received Import Request.
  Time since last request: 0.000025 seconds.
  path: Assets/Fries and Seagull/Interior 01/Prefabs/Romote Controller.prefab
  artifactKey: Guid(0b620c8ac0b5f56478aefb581e96584c) Importer(2089858483,0ecaa5967403d082aa24f35e1b516d23)
Start importing Assets/Fries and Seagull/Interior 01/Prefabs/Romote Controller.prefab using Guid(0b620c8ac0b5f56478aefb581e96584c) Importer(2089858483,0ecaa5967403d082aa24f35e1b516d23) [PhysX] Initialized MultithreadedTaskDispatcher with 16 workers.
 -> (artifact id: '1ee11ace09e5f2a7144f6284d09a1428') in 0.023455 seconds
Number of updated asset objects reloaded before import = 0
Number of asset objects unloaded after import = 11
========================================================================
Received Import Request.
  Time since last request: 0.000027 seconds.
  path: Assets/Fries and Seagull/Interior 01/Prefabs/Cup.prefab
  artifactKey: Guid(84119fc10643f9d4eb88e1d4e556cd5c) Importer(2089858483,0ecaa5967403d082aa24f35e1b516d23)
Start importing Assets/Fries and Seagull/Interior 01/Prefabs/Cup.prefab using Guid(84119fc10643f9d4eb88e1d4e556cd5c) Importer(2089858483,0ecaa5967403d082aa24f35e1b516d23) [PhysX] Initialized MultithreadedTaskDispatcher with 16 workers.
 -> (artifact id: '94170b39b6ac2b1bb637803f5f0beb9e') in 0.044243 seconds
Number of updated asset objects reloaded before import = 0
Number of asset objects unloaded after import = 16
========================================================================
Received Import Request.
  Time since last request: 0.000436 seconds.
  path: Assets/Readme.asset
  artifactKey: Guid(8105016687592461f977c054a80ce2f2) Importer(2089858483,3d70f49cd1c2eb9ae422958d1c652c6b)
Start importing Assets/Readme.asset using Guid(8105016687592461f977c054a80ce2f2) Importer(2089858483,3d70f49cd1c2eb9ae422958d1c652c6b) [PhysX] Initialized MultithreadedTaskDispatcher with 16 workers.
 -> (artifact id: '6e52d3c10a83a9f63a2d997cf7a8470d') in 0.081418 seconds
Number of updated asset objects reloaded before import = 0
Number of asset objects unloaded after import = 1
========================================================================
Received Import Request.
  Time since last request: 0.000025 seconds.
  path: Assets/Fries and Seagull/Interior 01/Models/Bookcase.fbx
  artifactKey: Guid(c8c26fe3ecd1ba646a9b6db0ad1f31d0) Importer(2089858483,0ecaa5967403d082aa24f35e1b516d23)
Start importing Assets/Fries and Seagull/Interior 01/Models/Bookcase.fbx using Guid(c8c26fe3ecd1ba646a9b6db0ad1f31d0) Importer(2089858483,0ecaa5967403d082aa24f35e1b516d23) [PhysX] Initialized MultithreadedTaskDispatcher with 16 workers.
 -> (artifact id: 'bdc8146413b7f67a8d09f262a985c445') in 0.399573 seconds
Number of updated asset objects reloaded before import = 0
Number of asset objects unloaded after import = 13
========================================================================
Received Import Request.
  Time since last request: 0.004109 seconds.
  path: Assets/Fries and Seagull/Interior 01/Models/Kettle.fbx
  artifactKey: Guid(9a599bd2e41f4d24586f02b75f611418) Importer(2089858483,0ecaa5967403d082aa24f35e1b516d23)
Start importing Assets/Fries and Seagull/Interior 01/Models/Kettle.fbx using Guid(9a599bd2e41f4d24586f02b75f611418) Importer(2089858483,0ecaa5967403d082aa24f35e1b516d23) [PhysX] Initialized MultithreadedTaskDispatcher with 16 workers.
 -> (artifact id: '6c5c7f82d01b01df4874d53c12532694') in 0.092336 seconds
Number of updated asset objects reloaded before import = 0
Number of asset objects unloaded after import = 10
========================================================================
Received Import Request.
  Time since last request: 0.000874 seconds.
  path: Assets/Fries and Seagull/Interior 01/Effect/Wind.mat
  artifactKey: Guid(1021c453877e8ea4089aa6d0b8429f2f) Importer(2089858483,0ecaa5967403d082aa24f35e1b516d23)
Start importing Assets/Fries and Seagull/Interior 01/Effect/Wind.mat using Guid(1021c453877e8ea4089aa6d0b8429f2f) Importer(2089858483,0ecaa5967403d082aa24f35e1b516d23) [PhysX] Initialized MultithreadedTaskDispatcher with 16 workers.
 -> (artifact id: '19e95716a768f581c9af7f4ffab401dc') in 0.053207 seconds
Number of updated asset objects reloaded before import = 0
Number of asset objects unloaded after import = 1
========================================================================
Received Import Request.
  Time since last request: 0.000023 seconds.
  path: Assets/Fries and Seagull/Interior 01/Prefabs/Door.prefab
  artifactKey: Guid(c5f868f465e50e943902cf18499f2d31) Importer(2089858483,0ecaa5967403d082aa24f35e1b516d23)
Start importing Assets/Fries and Seagull/Interior 01/Prefabs/Door.prefab using Guid(c5f868f465e50e943902cf18499f2d31) Importer(2089858483,0ecaa5967403d082aa24f35e1b516d23) [PhysX] Initialized MultithreadedTaskDispatcher with 16 workers.
 -> (artifact id: '00f9135f82181e92ffceecea0e897f45') in 0.020450 seconds
Number of updated asset objects reloaded before import = 0
Number of asset objects unloaded after import = 46
========================================================================
Received Import Request.
  Time since last request: 0.000032 seconds.
  path: Assets/Fries and Seagull/Interior 01/Prefabs/Air Conditioner Int..prefab
  artifactKey: Guid(bdc7239167fe13e438e108a6ae62fe5f) Importer(2089858483,0ecaa5967403d082aa24f35e1b516d23)
Start importing Assets/Fries and Seagull/Interior 01/Prefabs/Air Conditioner Int..prefab using Guid(bdc7239167fe13e438e108a6ae62fe5f) Importer(2089858483,0ecaa5967403d082aa24f35e1b516d23) [PhysX] Initialized MultithreadedTaskDispatcher with 16 workers.
 -> (artifact id: '335d1b6cc7810f62096e97eb9e71a433') in 0.028698 seconds
Number of updated asset objects reloaded before import = 0
Number of asset objects unloaded after import = 53
========================================================================
Received Import Request.
  Time since last request: 0.000029 seconds.
  path: Assets/Fries and Seagull/Interior 01/Prefabs/Kettle.prefab
  artifactKey: Guid(6ae2dc7ac106db346bcdc8628a35c716) Importer(2089858483,3d70f49cd1c2eb9ae422958d1c652c6b)
Start importing Assets/Fries and Seagull/Interior 01/Prefabs/Kettle.prefab using Guid(6ae2dc7ac106db346bcdc8628a35c716) Importer(2089858483,3d70f49cd1c2eb9ae422958d1c652c6b) [PhysX] Initialized MultithreadedTaskDispatcher with 16 workers.
 -> (artifact id: '00f7b377af5b71e27d5ee6591f1eade4') in 0.019275 seconds
Number of updated asset objects reloaded before import = 0
Number of asset objects unloaded after import = 27
========================================================================
Received Import Request.
  Time since last request: 0.000029 seconds.
  path: Assets/Fries and Seagull/Interior 01/Prefabs/Small Chair.prefab
  artifactKey: Guid(156dceeccdddba04c9fe12fa39c5af40) Importer(2089858483,0ecaa5967403d082aa24f35e1b516d23)
Start importing Assets/Fries and Seagull/Interior 01/Prefabs/Small Chair.prefab using Guid(156dceeccdddba04c9fe12fa39c5af40) Importer(2089858483,0ecaa5967403d082aa24f35e1b516d23) [PhysX] Initialized MultithreadedTaskDispatcher with 16 workers.
 -> (artifact id: '8f737af6620211ccc8436c767e80c48b') in 0.022741 seconds
Number of updated asset objects reloaded before import = 0
Number of asset objects unloaded after import = 11
========================================================================
Received Import Request.
  Time since last request: 0.000023 seconds.
  path: Assets/TutorialInfo/Icons/URP.png
  artifactKey: Guid(727a75301c3d24613a3ebcec4a24c2c8) Importer(2089858483,0ecaa5967403d082aa24f35e1b516d23)
Start importing Assets/TutorialInfo/Icons/URP.png using Guid(727a75301c3d24613a3ebcec4a24c2c8) Importer(2089858483,0ecaa5967403d082aa24f35e1b516d23) [PhysX] Initialized MultithreadedTaskDispatcher with 16 workers.
 -> (artifact id: 'ee33cc4f79ab8907293530a8f3927b1f') in 0.067775 seconds
Number of updated asset objects reloaded before import = 0
Number of asset objects unloaded after import = 1
========================================================================
Received Import Request.
  Time since last request: 0.000022 seconds.
  path: Assets/Fries and Seagull/Interior 01/Models/Phone.fbx
  artifactKey: Guid(9ddb89f06042d114db7954c1880e18ef) Importer(2089858483,0ecaa5967403d082aa24f35e1b516d23)
Start importing Assets/Fries and Seagull/Interior 01/Models/Phone.fbx using Guid(9ddb89f06042d114db7954c1880e18ef) Importer(2089858483,0ecaa5967403d082aa24f35e1b516d23) [PhysX] Initialized MultithreadedTaskDispatcher with 16 workers.
 -> (artifact id: '376e11904266f02784c6149ccafec87c') in 0.047144 seconds
Number of updated asset objects reloaded before import = 0
Number of asset objects unloaded after import = 30
========================================================================
Received Import Request.
  Time since last request: 0.000036 seconds.
  path: Assets/Fries and Seagull/Interior 01/Scripts/Computer.cs
  artifactKey: Guid(484ad92b6a5840cfad5d5615c8821579) Importer(2089858483,0ecaa5967403d082aa24f35e1b516d23)
Start importing Assets/Fries and Seagull/Interior 01/Scripts/Computer.cs using Guid(484ad92b6a5840cfad5d5615c8821579) Importer(2089858483,0ecaa5967403d082aa24f35e1b516d23) [PhysX] Initialized MultithreadedTaskDispatcher with 16 workers.
 -> (artifact id: '8282386754044740936cfd8b204227d8') in 0.017047 seconds
Number of updated asset objects reloaded before import = 0
Number of asset objects unloaded after import = 1
========================================================================
Received Import Request.
  Time since last request: 0.000026 seconds.
  path: Assets/Fries and Seagull/Interior 01/Prefabs/Optional/Room.prefab
  artifactKey: Guid(f0de16f84d34e63409b7f8b57ece7e05) Importer(2089858483,3d70f49cd1c2eb9ae422958d1c652c6b)
Start importing Assets/Fries and Seagull/Interior 01/Prefabs/Optional/Room.prefab using Guid(f0de16f84d34e63409b7f8b57ece7e05) Importer(2089858483,3d70f49cd1c2eb9ae422958d1c652c6b) [PhysX] Initialized MultithreadedTaskDispatcher with 16 workers.
 -> (artifact id: 'e363cff6f36641dc786c7516b1f3744a') in 0.022461 seconds
Number of updated asset objects reloaded before import = 0
Number of asset objects unloaded after import = 79
========================================================================
Received Import Request.
  Time since last request: 0.000055 seconds.
  path: Assets/Fries and Seagull/Interior 01/Models/Room.fbx
  artifactKey: Guid(89946e947dce1fe44b9c914de16aab5f) Importer(2089858483,0ecaa5967403d082aa24f35e1b516d23)
Start importing Assets/Fries and Seagull/Interior 01/Models/Room.fbx using Guid(89946e947dce1fe44b9c914de16aab5f) Importer(2089858483,0ecaa5967403d082aa24f35e1b516d23) [PhysX] Initialized MultithreadedTaskDispatcher with 16 workers.
 -> (artifact id: '48a71c02fcf9957404d28efedb9aff88') in 0.093384 seconds
Number of updated asset objects reloaded before import = 0
Number of asset objects unloaded after import = 48
Editor requested this worker to shutdown with reason: balancing worker count downwards
TcpMessagingSession - receive error: operation aborted. errorcode: 995, details: The I/O operation has been aborted because of either a thread exit or an application request.
AssetImportWorker is now disconnected from the server
Process exiting
Exiting without the bug reporter. Application will terminate with return code 0